ZONE,TRIAL_TYPE,TRIAL,ENTRY_NO,DESIGNATION,GID,CROSS,REP_NO,NOHAV,EHARVE,ROOTL,PEDUNC,RCOLOR,PCOLOR,RFORM,RCONST,FOLIAG,ROOT,COMMER,ROOTEN,YIELDP,HI,YIELDH,YIELDY,CIANA,NPSEL,DMATTE,GERMIN,VIGOR,FLOWER,PHEIGH,RLEVEL,FRAMIF,SLENGT,PSTAKE,ROLLOV
7,6,GY199279,1, CM 3306-   4,87495,COL   22/ CM  523-   7,1,6,2,2,1,3,2,2,1,4,3,0,0,0.54,0.32,6.7,7.5,5,0,20.5,100,3,,185,1,143,5,9,1
7,6,GY199279,2, CM 3965-  15,85346,BRA   12/ CM   91-   3,1,4,2,3,2,3,1,2,1,3,4,1,0,0.85,0.4,7.1,7.9,9,0,16.3,85,3,,190,0,20,8,12,1
7,6,GY199279,3, CM 4119-   9,84994,BRA   12/ CM  507-  37,1,6,2,2,2,3,2,2,1,3,4,1,0,0.63,0.44,7.9,8.8,8,0,19,100,3,,195,1,18,25,10,1
7,6,GY199279,4, CM 4919-  11,83282,COL 2207/ SM  301-   3,1,5,1,2,2,3,1,2,2,3,4,0,0,0.36,0.32,3.8,4.2,6,0,19.6,95,2,,145,2,60,5,6,1
7,6,GY199279,5, CM 7747-   4,77634, CM 3408-   1/HMC    1,1,6,2,2,2,3,1,2,2,4,4,1,0,0.37,0.29,4.6,5.1,4,0,16.3,90,3,,160,0,,10,4,1
7,6,GY199279,6, SM 1014-   9,66203,COL 2057/,1,5,2,1,2,3,1,2,1,4,4,1,0,0.52,0.35,5.4,6,7,0,20,85,3,,160,0,,10,8,1
7,6,GY199279,7, SM 1079-   7,65524, CG  912-   9/,1,6,2,2,2,3,1,2,2,3,4,1,0,0.37,0.23,4.6,5.1,5,0,17,100,4,,170,1,110,10,12,1
7,6,GY199279,8, SM 1094-  17,65463, CM 3372-   4/,1,6,2,2,2,2,1,2,1,4,4,1,0,0.45,0.23,5.6,6.3,5,0,16.3,100,4,,200,0,,20,12,1
7,6,GY199279,9, SM 1116-   3,65365,CUB   32/,1,6,2,2,2,3,1,2,2,3,4,1,0,0.72,0.33,9,10,6,1,24.3,100,3,,190,1,110,5,10,1
7,6,GY199279,10, SM 1132-  20,65238, CM 3408-   1/,1,6,1,3,2,3,2,2,2,3,3,1,0,0.83,0.44,10.4,11.6,7,0,16.3,95,3,,170,0,,10,6,1
7,6,GY199279,11, SM 1180-   5,64918,BRA   12/,1,5,2,2,1,1,1,2,1,3,4,1,0,0.52,0.28,5.4,6,8,0,16.6,95,3,,190,2,110,5,12,1
7,6,GY199279,12, SM 1180-   7,64920,BRA   12/,1,4,1,2,1,3,1,2,1,3,3,1,0,0.8,0.38,6.7,7.4,6,0,19.6,100,3,,200,0,,5,14,1
7,6,GY199279,13, SM 1180-   8,98368,BRA   12/,1,6,1,2,2,3,1,4,2,3,3,0,0,0.45,0.32,5.6,6.3,8,0,18.4,100,3,,170,0,,20,10,1
7,6,GY199279,14, SM 1181-   5,64926,BRA  174/,1,6,2,2,2,3,1,4,2,4,4,0,0,0.42,0.28,5.2,5.8,6,0,17,100,3,,170,0,,20,6,1
7,6,GY199279,15, SM 1188-  15,64970,HMC    1/,1,6,2,2,2,3,1,2,1,4,4,1,0,0.5,0.47,6.3,7,8,0,16.3,85,2,,150,1,140,5,4,1
7,6,GY199279,16, SM 1188-  16,64971,HMC    1/,1,6,2,2,2,3,1,2,1,3,4,1,0,0.55,0.45,6.9,7.7,6,0,20.5,100,3,,160,0,,10,6,1
7,6,GY199279,17, SM 1203-   9,64846, CM 3372-   4/,1,6,2,2,2,3,1,2,1,4,3,1,0,0.77,0.41,9.6,10.7,6,1,23.6,55,3,,160,2,110,5,6,1
7,6,GY199279,18, SM 1210-  10,64887, SG  536-   1/,1,6,2,2,2,3,1,2,2,4,4,1,0,0.67,0.33,8.3,9.3,9,1,24.4,100,3,,170,1,100,5,8,1
7,6,GY199279,19, SM 1250-   6,64460,HMC    1/,1,6,2,2,2,3,1,2,1,4,4,0,0,0.35,0.27,4.4,4.9,5,0,16.3,100,3,,170,1,160,5,12,1
7,6,GY199279,20, SM 1260-   4,64499, SG  536-   1/,1,6,2,3,2,3,1,2,2,3,3,1,0,0.95,0.5,11.9,13.2,6,0,16.7,100,3,,180,0,,10,8,1
7,6,GY199279,21, SM 1261-   5,64507, SG  562-   4/,1,6,2,2,1,3,1,2,1,3,4,1,0,0.73,0.35,9.2,10.2,7,0,17.4,95,3,,185,1,95,10,12,
7,6,GY199279,22, SM 1278-   2,64371, CG 1141-   1/,1,5,2,2,1,3,1,4,2,3,3,1,0,0.7,0.38,7.3,8.1,6,1,25.4,100,3,,150,0,,5,10,
7,6,GY199279,23, SM 1281-   2,64390, CG 1372-   5/,1,4,2,1,1,3,1,2,1,3,4,0,0,0.53,0.32,4.4,4.9,6,0,17.2,95,3,,170,0,,10,10,
7,6,GY199279,24, SM 1282-   2,64393, CG 1411-   1/,1,6,2,2,2,3,1,2,1,3,3,1,0,1.08,0.49,13.5,15.1,7,1,23.9,100,3,,180,0,,5,12,
7,6,GY199279,25, SM 1283-   2,64395, CM  681-   2/,1,6,2,1,2,3,1,2,1,4,4,0,0,0.43,0.28,5.4,6,8,0,18.3,100,3,,140,0,,5,6,
7,6,GY199279,26, SM 1284-   2,64399, CM 3306-   4/,1,6,2,1,2,3,2,4,2,4,4,0,0,0.18,0.24,2.3,2.6,6,0,16.3,100,3,,170,2,90,5,8,
7,6,GY199279,27, SM 1288-   6,64411,BRA  191/,1,6,2,1,2,3,2,2,2,3,4,0,0,0.67,0.34,8.3,9.3,8,0,21.7,100,3,,175,0,,5,10,
7,6,GY199279,28, SM 1291-   5,64227,COL 2215/,1,6,2,2,2,3,1,2,1,3,4,0,0,0.53,0.34,6.7,7.4,8,0,17.8,100,3,,150,2,80,5,9,
7,6,GY199279,29, SM 1293-   1,98313, CG  912-   8/,1,5,1,2,2,3,1,2,1,4,4,0,0,0.56,0.31,5.8,6.5,7,0,16.3,100,3,,190,2,70,5,8,1
7,6,GY199279,30, SM 1293-   2,64240, CG  912-   8/,1,6,2,2,2,3,2,2,1,4,4,1,0,0.48,0.28,6,6.7,8,0,18.1,100,4,,180,0,,5,12,1
7,6,GY199279,31, SM 1293-   3,64241, CG  912-   8/,1,5,2,2,2,3,1,2,1,3,3,1,0,0.84,0.42,8.8,9.7,6,1,24.3,95,3,,150,0,,5,9,1
7,6,GY199279,32, SM 1293-   4,64242, CG  912-   8/,1,6,2,2,1,3,1,2,1,4,3,1,0,0.7,0.37,8.8,9.7,8,0,17.9,100,3,,170,0,,5,10,1
7,6,GY199279,33, SM 1295-   8,64261, CG 1141-   1/,1,6,2,2,1,3,1,2,1,4,4,1,0,0.7,0.42,8.8,9.7,8,0,22.2,100,3,,160,0,,10,8,1
7,6,GY199279,34, SM 1297-   1,64269, CG 1305-   1/,1,6,2,2,1,3,1,2,1,4,4,0,0,0.5,0.42,6.3,7,7,0,16.3,100,3,,130,1,80,5,6,1
7,6,GY199279,35, SM 1298-   4,64277, CG 1372-   5/,1,6,2,2,2,3,1,2,1,4,4,0,0,0.43,0.29,5.4,6,8,0,16.3,100,3,,170,0,,5,8,1
7,6,GY199279,36, SM 1300-   2,64282, CG 1402-   6/,1,2,2,2,2,3,1,2,1,4,4,2,0,0.7,0.3,2.9,3.2,5,0,16.3,45,3,,150,2,70,5,6,1
7,6,GY199279,37, SM 1304-   1,64299, CM  849-   1/,1,5,2,2,2,3,1,2,2,3,3,0,0,0.46,0.34,4.8,5.3,7,0,16.7,100,3,,170,0,,5,12,1
7,6,GY199279,38, SM 1305-   5,64308, CM 3299-   4/,1,5,2,2,1,1,2,2,1,3,3,1,0,1,0.43,10.4,11.6,8,1,23.9,85,3,,190,0,,10,8,1
7,6,GY199279,39, SM 1316-   1,64153,BRA   12/,1,3,2,2,2,3,1,2,2,3,4,0,0,0.47,0.27,2.9,3.2,8,0,17.1,100,3,,160,0,,10,8,1
7,6,GY199279,40, SM 1319-   4,64170,BRA  383/,1,6,2,2,2,3,2,2,2,3,4,0,0,0.42,0.24,5.2,5.8,8,0,22.6,95,3,,200,0,,30,10,1
7,6,GY199279,41, SM 1320-   6,64177,BRA  390/,1,6,2,2,1,3,1,2,1,4,3,1,0,0.88,0.44,11,12.3,8,0,17.8,100,3,,160,0,,5,6,1
7,6,GY199279,42, SM 1322-   4,64192,COL 2215/,1,6,2,2,2,3,1,2,1,4,3,0,0,0.73,0.38,9.2,10.2,9,0,20.8,100,3,,170,0,,5,12,1
7,6,GY199279,43, SM 1990-   7,57567, CM  523-   7/,1,5,2,2,2,3,1,2,1,3,3,1,0,0.82,0.36,8.5,9.5,6,0,20.7,95,3,,180,0,,10,10,1
7,6,GY199279,44,BRA   12,7505,,1,6,2,3,2,1,1,2,2,4,4,0,0,0.4,0.24,4.9,5.5,9,0,17.4,100,4,,165,0,,8,10,1
7,6,GY199279,45,COL   22,3322,,1,6,2,2,2,1,2,2,1,3,3,1,0,0.92,0.47,11.5,12.8,8,0,24.3,100,3,,140,1,80,5,6,1
7,6,GY199279,46,COL 1468,2588,,1,6,3,2,2,3,1,2,2,4,4,1,0,0.59,0.32,7.4,8.2,5,0,22.2,97.5,4,,175,1,110,5,10,1
7,6,GY199279,47,COL 1505,2630,,1,6,2,2,2,3,2,2,1,4,4,0,0,0.35,0.27,4.4,4.9,6,0,16.6,100,3,,160,0,,7,8,1
7,6,GY199279,48,COL 1684,2826,,1,6,2,3,2,1,2,3,2,5,4,0,0,0.24,0.23,3,3.4,9,0,16.6,100,3,,118,3,30,8,5,1
7,6,GY199279,49,COL 2215,3340,,1,6,2,2,1,3,1,2,2,4,4,0,0,0.53,0.38,6.6,7.3,5,0,24,100,3,,140,0,,12,7,1
7,6,GY199279,50,VEN   77,10969,,1,6,2,2,2,3,2,4,2,4,4,0,0,0.23,0.17,2.9,3.2,8,0,17.2,95,3,,200,0,,13,11,1
7,6,GY199279,152, CG 1141-   1,91847,MEX   11/COL   65,1,6,2,2,1,3,1,2,1,3,4,0,0,0.42,0.27,5,5.6,6,0,20.8,100,3,,140,0,,13,8,1
7,6,GY199368,1, CM 1797-   8,89872, CM  516-   7/ CM  326- 407,1,0,,,,,,,,,,,,,,,,,0,,65,3,,,,,,,1
7,6,GY199368,2, CM 2087- 101,89822, CM  727-  14/ CM  459-   5,1,0,,,,,,,,,,,,,,,,,0,,0,,,,,,,,
7,6,GY199368,3, CM 3306-   4,87495,COL   22/ CM  523-   7,1,0,,,,,,,,,,,,,,,,,0,,0,,,,,,,,
7,6,GY199368,4, CM 3306-   9,87500,COL   22/ CM  523-   7,1,2,1,2,1,1,2,2,1,3,4,1,0,0.5,0.45,2.1,2.3,6,1,20.4,95,3,,125,0,,0,7,1
7,6,GY199368,5, CM 3750-   5,85762, CM 1117-   3/COL   22,1,6,1,2,1,1,3,2,1,3,4,1,0,0.53,0.43,6.7,7.3,9,0,16.7,100,3,,140,1,30,5,8,1
7,6,GY199368,6, CM 4013-   1,85185, CM  922-   2/ CM  728-   2,1,5,1,2,2,3,1,2,1,3,3,1,1,0.86,0.47,9,9.8,9,1,16.9,65,3,,150,1,100,0,9,1
7,6,GY199368,7, CM 4042-   4,85110, CM 1015-  13/ CM  180-   5,1,2,1,2,1,1,2,2,1,4,4,0,0,0.3,0.6,1.3,1.4,8,0,16.3,30,2,,85,0,,0,3,1
7,6,GY199368,8, CM 4777-   2,83695,COL   72/ CM  523-   7,1,0,,,,,,,,,,,,,,,,,0,,0,,,,,,,,
7,6,GY199368,9, SG  557-   6,95892,BRA   12/,1,6,1,3,1,1,1,2,2,2,3,2,1,0.97,0.54,12.1,13.2,9,1,16.3,95,4,,135,1,85,5,7,1
7,6,GY199368,10, SG  761-   4,94746,COL  976/,1,6,1,2,2,3,2,2,1,3,4,0,0,0.27,0.34,3.3,3.6,7,0,16.3,100,4,,125,0,,0,8,1
7,6,GY199368,11, SG  787-  10,94289, CM  681-   2/,1,6,1,2,2,1,1,2,2,4,4,0,0,0.33,0.32,4.2,4.5,9,0,16.3,70,4,,140,0,,0,10,1
7,6,GY199368,12, SM  328-   1,71318,VEN   45A/,1,4,1,2,1,3,1,2,1,3,4,1,0,0.45,0.45,3.8,4.1,9,0,16.3,100,4,,135,1,30,5,7,1
7,6,GY199368,13, SM 1116-   3,65365,CUB   32/,1,0,,,,,,,,,,,,,,,,,0,,0,,,,,,,,
7,6,GY199368,14, SM 1210-  10,64887, SG  536-   1/,1,0,,,,,,,,,,,,,,,,,0,,70,3,,115,1,75,5,7,1
7,6,GY199368,15, SM 1278-   2,64371, CG 1141-   1/,1,0,,,,,,,,,,,,,,,,,0,,75,3,,,,,,,
7,6,GY199368,16, SM 1282-   2,64393, CG 1411-   1/,1,6,1,2,2,3,2,2,1,3,3,1,0,0.8,0.55,10,10.9,8,1,16.3,100,4,,130,0,,5,6,1
7,6,GY199368,17, SM 1293-   3,64241, CG  912-   8/,1,4,1,2,1,2,1,2,1,3,3,4,0,1.45,0.62,12.1,13.2,9,1,17,60,3,,120,0,,0,6,1
7,6,GY199368,18, SM 1305-   5,64308, CM 3299-   4/,1,4,1,2,1,1,2,2,1,3,3,2,0,2.03,0.62,16.9,18.4,9,1,22.7,35,4,,160,1,125,5,12,1
7,6,GY199368,19,BRA   12,7505,,1,0,,,,,,,,,,,,,,,,,0,,0,,,,,,,,1
7,6,GY199368,20,BRA   71,1757,,1,2,1,2,1,3,2,2,1,4,4,2,0,1.3,0.6,5.4,5.9,9,1,16.3,85,3,,120,0,,5,6,1
7,6,GY199368,21,BRA   73,1781,,1,6,1,2,1,3,1,2,1,3,4,0,0,0.48,0.43,6,6.6,9,1,16.3,100,5,,135,0,,0,5,1
7,6,GY199368,22,BRA   74,1792,,1,6,1,2,1,1,1,2,1,3,4,0,0,0.45,0.38,5.6,6.1,9,0,16.3,100,4,,130,1,105,0,9,1
7,6,GY199368,23,BRA   99,2002,,1,4,1,1,2,3,2,2,1,4,5,0,0,0.4,0.57,3.3,3.6,9,0,16.3,100,3,,90,0,,0,5,1
7,6,GY199368,24,BRA  108,798,,1,2,1,1,1,3,1,2,1,5,5,0,0,0.5,0.45,2.1,2.3,9,0,16.3,100,3,,120,1,85,0,5,1
7,6,GY199368,25,BRA  115,871,,1,0,,,,,,,,,,,,,,,,,0,,100,2,,85,0,,5,3,1
7,6,GY199368,26,COL   22,3322,,1,3,1,2,1,1,1,2,2,3,3,2,0,1.23,0.68,4.9,5.4,9,0,17.5,47.5,4,,123,2,83,7,4,1
7,6,GY199368,27,COL 1468,2588,,1,0,,,,,,,,,,,,,,,,,0,,55,2,,115,0,,5,3,1
7,6,GY199368,28,COL 1505,2630,,1,1,1,2,2,3,2,2,2,4,4,2,0,1.3,0.42,2.7,3,8,0,16.3,10,4,,145,0,,0,7,1
7,6,GY199368,29,COL 1684,2826,,1,0,,,,,,,,,,,,,,,,,0,,0,,,,,,,,
7,6,GY199368,30,COL 1734,2871,,1,1,1,1,2,3,2,2,1,5,5,0,0,0.7,0.35,1.5,1.6,7,0,16.3,90,3,,95,1,25,0,4,1
7,6,GY199368,31,COL 1823,2966,,1,5,1,2,1,3,2,2,1,3,4,0,0,0.42,0.46,4.4,4.8,8,0,16.3,100,3,,130,0,,0,6,1
7,6,GY199368,32,COL 2032,3135,,1,3,1,2,1,3,2,2,1,3,3,0,0,0.77,0.53,4.8,5.2,8,1,16.3,55,3,,135,1,105,0,5,1
7,6,GY199368,33,COL 2215,3340,,1,1,1,2,1,3,1,2,1,5,4,0,0,0.9,0.43,1.9,2,6,0,16.3,85,2,,75,0,,0,4,1
7,6,GY199368,34,VEN   77,10969,,1,0,,,,,,,,,,,,,,,,,0,,0,,,,,,,,
7,6,GY199368,262, CG 1141-   1,91847,MEX   11/COL   65,1,1,1,2,1,3,2,2,1,4,4,0,0,0.5,0.56,1,1.1,8,0,16.3,50,2,,85,0,,0,4,1
7,6,GY199474,1, CM 3306-   4,87495,COL   22/ CM  523-   7,1,5,1,2,2,3,1,2,1,3,4,1,0,0.3,0.29,3.1,3.2,7,0,16.3,80,3,0,170,2,120,45,10,1
7,6,GY199474,2, CM 3306-   9,87500,COL   22/ CM  523-   7,1,0,,,,,,,,,,,,,,,,,0,,85,3,0,140,1,70,40,6,1
7,6,GY199474,3, CM 3555-   6,86305, CM  841- 106/COL   22,1,4,2,1,2,2,1,2,1,4,4,0,0,0.45,0.28,3.8,3.9,6,0,16.3,65,2,0,130,1,100,40,8,1
7,6,GY199474,4, CM 4013-   1,85185, CM  922-   2/ CM  728-   2,1,1,2,2,2,3,2,2,2,2,4,2,1,1.6,0.39,3.3,3.4,8,1,17.1,40,3,0,180,2,105,50,8,1
7,6,GY199474,5, CM 4063-   6,85055, CM 1015-  42/ CM  849-   1,1,6,1,2,2,1,1,2,1,2,3,3,0,1.12,0.45,14,14.4,9,1,16.3,95,3,0,120,1,70,25,9,1
7,6,GY199474,6, CM 4365-   1,84381,COL 2207/ CM  976-  15,1,2,1,1,1,3,,2,1,4,4,0,0,0.25,0.22,1,1.1,,0,,95,3,0,110,,,45,6,1
7,6,GY199474,7, CM 4365-   3,84383,COL 2207/ CM  976-  15,1,3,1,2,1,3,1,2,1,3,4,0,0,0.63,0.3,4,4.1,8,0,16.4,90,3,0,150,1,120,50,6,1
7,6,GY199474,8, CM 4919-   1,83281,COL 2207/ SM  301-   3,1,3,2,2,2,3,2,2,1,3,3,0,0,0.3,0.26,1.9,1.9,9,1,16.3,85,3,0,130,,,35,7,1
7,6,GY199474,9, CM 5460-   5,82384,COL   72/ CG   22-   2,1,6,1,2,2,3,3,2,1,3,4,0,0,0.43,0.27,5.4,5.6,8,0,17.3,85,2,0,90,,,20,5,1
7,6,GY199474,10, CM 6119-   5,81121,COL   72/ CM  849-   1,1,1,1,1,1,3,,2,1,4,4,0,0,0.4,0.25,0.8,0.9,,0,,95,2,0,105,,,20,7,1
7,6,GY199474,11, CM 6182-   8,80958,CR     2/COL 2215,1,3,1,1,1,3,2,2,1,3,4,0,0,0.4,0.26,2.5,2.6,7,0,16.3,80,2,0,110,,,15,6,1
7,6,GY199474,12, SG  557-   6,95892,BRA   12/,1,2,1,2,2,1,1,2,1,3,2,4,1,2.35,0.37,9.8,10.1,8,1,16.3,35,3,0,180,3,90,40,10,1
7,6,GY199474,13, SG  787-  10,94289, CM  681-   2/,1,3,1,2,1,1,1,2,1,3,3,1,0,0.53,0.31,3.3,3.4,9,1,16.9,100,2,0,120,2,60,40,6,1
7,6,GY199474,14, SG 791-   5,110251,COL 1468/,1,0,,,,,,,,,,,,,,,,,0,,15,2,0,140,,,30,8,1
7,6,GY199474,15, SG 791-   9,110252,COL 1468/,1,0,,,,,,,,,,,,,,,,,0,,5,2,0,95,,,25,3,1
7,6,GY199474,16, SM  328-   1,71318,VEN   45A/,1,1,1,1,1,3,,2,1,3,4,0,0,0.6,0.22,1.3,1.3,,0,,90,3,0,150,1,70,45,8,1
7,6,GY199474,17, SM 1278-   2,64371, CG 1141-   1/,1,0,,,,,,,,,,,,,,,,,0,,35,3,,,,,,,
7,6,GY199474,18, SM 1282-   2,64393, CG 1411-   1/,1,5,1,2,2,3,2,2,1,3,3,2,0,0.92,0.4,9.6,9.9,8,1,16.3,95,2,0,130,1,80,30,9,1
7,6,GY199474,19, SM 1305-   5,64308, CM 3299-   4/,1,5,1,2,2,1,2,2,2,3,3,2,0,0.86,0.37,9,9.3,9,1,16.3,65,3,0,160,,,60,12,1
7,6,GY199474,20, SM 1751-   4,60749, CG 1355-   2/,1,3,1,2,2,3,1,2,2,4,4,2,0,0.57,0.31,3.5,3.7,9,0,16.3,80,3,,110,1,30,30,8,1
7,6,GY199474,21, SM 1752-  13,60761, CG 1372-   5/,1,0,,,,,,,,,,,,,,,,,0,,25,2,,,,,,,
7,6,GY199474,22, SM 1754-   5,60781, CM 3372-   4/,1,0,,,,,,,,,,,,,,,,,0,,0,,,,,,,,
7,6,GY199474,23, SM 1759-  21,60659, CM 4772-   4/,1,0,,,,,,,,,,,,,,,,,0,,10,2,0,110,1,26,15,6,1
7,6,GY199474,24, SM 1762-   9,60693, CM 4843-   1/,1,0,,,,,,,,,,,,,,,,,0,,5,3,0,175,,,30,8,1
7,6,GY199474,25, SM 1762-  10,60694, CM 4843-   1/,1,0,,,,,,,,,,,,,,,,,0,,5,3,0,190,1,150,30,15,1
7,6,GY199474,26, SM 1762-  11,60695, CM 4843-   1/,1,4,1,2,2,2,1,2,1,4,3,1,1,0.43,0.37,3.5,3.7,8,0,16.3,25,2,,110,,,20,4,1
7,6,GY199474,27, SM 1765-   7,98027, CM 5586-   1/,1,2,1,1,1,1,1,2,1,3,4,0,1,0.6,0.32,2.5,2.6,4,0,16.3,95,3,0,160,,,40,10,1
7,6,GY199474,28, SM 1766-  16,60552, CM 5644-   2/,1,3,1,1,1,3,1,2,1,3,4,1,1,0.57,0.35,3.5,3.7,7,0,19.8,60,3,0,170,2,130,30,8,1
7,6,GY199474,29, SM 1766-  18,60554, CM 5644-   2/,1,2,1,2,2,1,1,2,1,3,4,1,2,0.7,0.35,2.9,3,8,0,16.3,90,3,0,130,,,45,8,1
7,6,GY199474,30, SM 1768-   8,60572,BRA  191/,1,4,1,1,1,3,3,2,1,3,3,1,1,0.85,0.31,7.1,7.3,6,1,16.3,75,3,0,180,,,45,16,1
7,6,GY199474,31, SM 1769-  11,60587,BRA  589/,1,1,1,2,2,3,1,2,2,3,4,1,1,0.9,0.23,1.9,1.9,6,0,16.3,20,3,0,220,1,175,35,10,1
7,6,GY199474,32, SM 1771-   6,60598,COL 1505/,1,3,1,3,2,3,1,3,1,3,4,2,0,0.53,0.29,3.3,3.4,5,0,16.3,65,3,0,150,2,90,30,6,1
7,6,GY199474,33, SM 1771-   8,60600,COL 1505/,1,4,1,2,1,2,1,2,1,3,2,4,3,1.3,0.46,10.8,11.2,9,1,16.3,40,3,0,130,1,100,35,8,1
7,6,GY199474,34, SM 1771-  11,60603,COL 1505/,1,0,,,,,,,,,,,,,,,,,0,,15,3,0,150,2,90,50,9,1
7,6,GY199474,35, SM 1777-   7,60337, CG 1141-   1/,1,1,1,2,1,3,1,2,1,4,4,1,0,1,0.34,2.1,2.2,8,0,16.3,65,3,0,135,,,35,8,1
7,6,GY199474,36, SM 1777-  12,60342, CG 1141-   1/,1,1,2,1,1,2,,1,1,4,4,2,0,0.7,0.27,1.5,1.5,,0,,10,2,0,95,,,20,4,1
7,6,GY199474,37, SM 1777-  16,60346, CG 1141-   1/,1,3,1,2,2,3,1,2,1,3,3,2,0,0.97,0.43,6,6.2,7,1,16.3,35,3,0,120,2,15,35,9,1
7,6,GY199474,38, SM 1778-  15,60363, CG 1320-  10/,1,6,1,2,2,2,1,2,1,3,3,2,0,0.82,0.38,10.2,10.6,9,1,16.3,80,3,0,140,1,25,35,10,1
7,6,GY199474,39, SM 1788-   5,60028,BRA  191/,1,0,,,,,,,,,,,,,,,,,0,,0,,,,,,,,
7,6,GY199474,40, SM 1789-   7,60045,COL 1505/,1,3,1,1,1,3,1,1,1,4,3,4,0,1.47,0.4,9.2,9.5,8,0,16.3,15,1,0,110,,,50,4,1
7,6,GY199474,41, SM 1789-   9,60047,COL 1505/,1,1,1,2,2,3,1,2,1,4,3,4,0,1.5,0.37,3.1,3.2,8,0,16.3,45,1,0,105,,,35,4,1
7,6,GY199474,42, SM 1789-  12,60049,COL 1505/,1,1,1,2,2,3,1,2,1,4,4,2,0,1.5,0.38,3.1,3.2,8,0,16.3,20,2,0,120,,,30,4,1
7,6,GY199474,43, SM 1790-   5,60091,COL 2215/,1,0,,,,,,,,,,,,,,,,,0,,30,2,0,120,,,15,4,1
7,6,GY199474,44, SM 1882-   3,58446,BRA  165/,1,5,1,2,2,2,2,2,1,3,2,3,0,1.24,0.39,12.9,13.4,8,1,16.7,85,3,0,160,,,25,2,1
7,6,GY199474,45, SM 1882-   5,58448,BRA  165/,1,5,1,2,1,3,2,2,1,3,3,2,4,1.04,0.47,10.8,11.2,9,1,16.3,60,3,0,170,3,100,20,10,1
7,6,GY199474,46, SM 1882-   8,97842,BRA  165/,1,0,,,,,,,,,,,,,,,,,0,,20,3,0,260,2,195,50,18,1
7,6,GY199474,47, SM 1883-   1,58451,BRA  293/,1,0,,,,,,,,,,,,,,,,,0,,30,2,0,130,1,95,30,5,1
7,6,GY199474,48, SM 1884-   1,58484,BRA  117/,1,1,1,2,2,2,1,2,1,3,4,4,0,1.4,0.38,2.9,3,9,0,16.3,45,3,1,90,,,40,9,1
7,6,GY199474,49, SM 1885-   2,58486,BRA  192/,1,1,1,2,1,2,,2,1,4,4,3,1,1.2,0.41,2.5,2.6,,0,16.5,20,3,0,170,1,145,30,7,1
7,6,GY199474,50, SM 1890-   7,58511,ECU   48/,1,0,,,,,,,,,,,,,,,,,0,,0,,,,,,,,
7,6,GY199474,51, SM 1890-  10,33026,ECU   48/,1,0,,,,,,,,,,,,,,,,,0,,5,2,,,,,,,
7,6,GY199474,52, SM 1890-  11,58514,ECU   48/,1,0,,,,,,,,,,,,,,,,,0,,0,,,,,,,,
7,6,GY199474,53, SM 1891-   7,58522,COL 1725/,1,0,,,,,,,,,,,,,,,,,0,,10,2,,,,,,,
7,6,GY199474,54, SM 1891-   8,97848,COL 1725/,1,0,,,,,,,,,,,,,,,,,0,,20,3,0,190,,,30,6,1
7,6,GY199474,55, SM 1891-   9,58523,COL 1725/,1,0,,,,,,,,,,,,,,,,,0,,10,2,0,170,1,20,50,8,1
7,6,GY199474,56, SM 1892-   3,58350,COL 1727/,1,0,,,,,,,,,,,,,,,,,0,,10,2,0,120,,,25,6,1
7,6,GY199474,57, SM 1893-   3,58353,COL 1733/,1,4,1,2,1,1,1,2,2,3,3,1,0,0.4,0.25,3.3,3.4,9,1,16.3,70,3,0,170,2,130,30,8,1
7,6,GY199474,58, SM 1893-   7,58357,COL 1733/,1,3,1,2,2,3,1,2,1,3,4,1,0,0.43,0.18,2.7,2.8,9,0,17.8,50,3,0,170,,,45,8,1
7,6,GY199474,59,BRA   12,7505,,1,3,1,2,2,1,1,2,1,3,4,1,1,0.31,0.16,3.7,3.8,9,0,16.3,81.7,2,0,153,2,123,28,8,1
7,6,GY199474,60,BRA   71,1757,,1,3,1,2,1,3,1,2,1,3,3,2,0,0.73,0.32,4.6,4.7,9,1,16.3,60,3,0,160,,,30,8,1
7,6,GY199474,61,BRA   73,1781,,1,6,1,2,2,2,1,2,1,3,3,1,0,0.4,0.24,5,5.2,6,1,16.3,95,3,0,140,,,40,8,1
7,6,GY199474,62,COL   22,3322,,1,2,1,2,2,1,2,2,1,4,4,3,0,1.03,0.39,6.1,6.3,8,0,16.6,73.3,2,0,97,2,70,22,4,1
7,6,GY199474,63,COL 1468,2588,,1,3,1,2,2,3,2,2,1,4,3,2,1,0.82,0.28,7.5,7.8,8,0,16.3,95,3,0,158,2,117,23,8,1
7,6,GY199474,64,COL 1505,2630,,1,3,1,2,2,2,1,2,1,3,3,2,0,0.72,0.23,3.5,3.7,9,0,16.3,90,2,0,125,1,145,22,7,1
7,6,GY199474,65,COL 1684,2826,,1,1,1,1,2,1,2,2,2,3,4,0,0,0.25,0.21,2.1,2.2,9,0,16.3,93.3,2,0,98,2,40,30,4,1
7,6,GY199474,66,COL 1734,2871,,1,0,,,,,,,,,,,,,,,,,0,,20,3,,,,,,,
7,6,GY199474,67,COL 2032,3135,,1,4,1,1,2,2,,2,1,3,4,0,0,0.4,0.22,3.3,3.4,,0,16.3,75,3,0,160,1,125,45,12,1
7,6,GY199474,68,COL 2215,3340,,1,1,1,1,1,3,,2,1,4,4,0,0,0.2,0.22,1.3,1.3,,0,,77.5,3,0,77,,,17,3,1
7,6,GY199474,69,IND   39,5853,,1,4,1,2,2,3,2,2,1,3,4,0,0,0.55,0.25,4.6,4.7,9,0,16.3,75,3,0,145,1,110,45,8,1
7,6,GY199474,70,TAI    5,7168,,1,3,1,2,1,2,1,2,1,3,4,1,0,0.53,0.33,3.3,3.4,9,0,17.3,55,2,0,135,,,25,5,1
7,6,GY199474,71,VEN   77,10969,,1,3,1,3,2,3,1,3,1,4,4,1,0,0.48,0.29,4.7,4.9,9,0,16.3,80,3,0,172,2,155,32,6,1
7,6,GY199474,197, CG 1141-   1,91847,MEX   11/COL   65,1,2,1,2,2,3,1,2,1,4,3,1,0,0.27,0.23,3.3,3.4,8,0,16.3,60,2,0,105,1,78,20,8,1
7,6,GY199574,1, CM 3306-   4,87495,COL   22/ CM  523-   7,1,,,,,,,,,,,,,,,,,,0,,100,2,,160,2,80,55,8,1
7,6,GY199574,2, CM 5766-  10,81715,TAI    1/COL 1505,1,2,1,2,1,1,1,2,1,3,3,1,0,0.85,0.46,3.5,2.4,6,0,22.8,100,3,,220,0,,5,8,1
7,6,GY199574,3, CM 8288-   6,76692,COL 1684/ CM 3299-   4,1,5,1,2,1,1,1,2,2,3,3,3,0,1.8,0.55,18.8,12.9,6,0,23.8,100,3,,165,1,85,5,10,1
7,6,GY199574,4, CM 8290-   1,76724,VEN   25/ CM 3299-   4,1,5,1,2,2,1,1,2,1,3,3,3,0,1.64,0.46,17.1,11.7,8,1,28.8,90,3,,270,2,85,10,12,1
7,6,GY199574,5, SM 1210-  10,64887, SG  536-   1/,1,5,1,2,1,3,1,2,1,2,3,1,0,1.5,0.51,15.6,10.7,8,1,28.1,100,2,,155,0,,10,12,1
7,6,GY199574,6, SM 1278-   2,64371, CG 1141-   1/,1,3,,,,,,,,3,4,,,,,,,,0,,100,2,,175,,125,10,6,1
7,6,GY199574,7, SM 1425-   4,63668, CM 3555-   6/,1,0,,,,,,,,,,,,,,,,,0,,95,2,,120,0,,5,3,1
7,6,GY199574,8, SM 1557-   4,62510, CM 4729-   4/,1,5,1,2,2,3,1,2,1,2,3,2,0,1.52,0.64,15.8,10.9,6,0,26.4,100,3,,220,0,,15,12,1
7,6,GY199574,9, SM 1563-   2,62399,ARG   13/,1,4,1,2,1,3,1,2,1,3,3,3,0,1.7,0.53,14.2,9.7,5,0,22.7,100,3,,190,0,,5,10,1
7,6,GY199574,10, SM 1748-   1,60906, CG  915-   1/,1,1,,,,,,,,3,4,,,,,,,,0,,95,3,,125,0,,0,6,1
7,6,GY199574,11, SM 1748-   4,60909, CG  915-   1/,1,5,,,,,,,,4,4,,,,,,,,0,,100,3,,165,1,135,0,6,1
7,6,GY199574,12, SM 1753-   1,60770, CM 3299-   4/,1,5,1,2,1,3,1,2,1,3,3,2,0,1.56,0.55,16.3,11.2,7,1,31,100,3,,200,0,,15,8,1
7,6,GY199574,13, SM 1760-   4,60672, CM 4777-   2/,1,3,,,,,,,,3,4,,,,,,,,0,,95,3,,165,0,,5,6,1
7,6,GY199574,14, SM 1760-   8,60676, CM 4777-   2/,1,1,,,,,,,,3,4,,,,,,,,0,,90,2,,195,0,,20,8,1
7,6,GY199574,15, SM 1771-   8,60600,COL 1505/,1,1,,,,,,,,3,4,,,,,,,,0,,55,3,,130,2,60,5,4,1
7,6,GY199574,16, SM 1772-   2,60608,COL 2215/,1,2,,,,,,,,3,4,,,,,,,,0,,90,2,,180,2,105,15,6,1
7,6,GY199574,17, SM 1777-   3,60334, CG 1141-   1/,1,2,1,2,1,3,1,2,1,3,3,3,0,1.5,0.49,6.3,4.3,7,0,26.4,100,3,,195,2,110,10,8,1
7,6,GY199574,18, SM 1883-  18,58467,BRA  293/,1,0,,,,,,,,,,,,,,,,,0,,100,3,,200,0,,5,4,1
7,6,GY199574,19, SM 1891-  28,58334,COL 1725/,1,0,,,,,,,,,,,,,,,,,0,,100,3,,210,0,,5,6,1
7,6,GY199574,20, SM 1891-  30,97832,COL 1725/,1,0,,,,,,,,,,,,,,,,,0,,80,2,,215,0,,5,3,1
7,6,GY199574,21, SM 1948-  18,57841, CG 1320-  10/,1,1,1,2,1,3,1,2,1,3,3,4,,1.5,0.58,3.1,2.1,7,0,23.3,80,2,,,,,,,
7,6,GY199574,22, SM 1948-  26,57849, CG 1320-  10/,1,0,,,,,,,,,,,,,,,,,0,,60,2,,220,2,130,10,6,1
7,6,GY199574,23, SM 1948-  27,57850, CG 1320-  10/,1,0,,,,,,,,,,,,,,,,,0,,100,3,,,,,,,
7,6,GY199574,24, SM 1948-  28,57851, CG 1320-  10/,1,0,,,,,,,,,,,,,,,,,0,,80,3,,200,0,,10,12,1
7,6,GY199574,25, SM 1953-  11,57877, CM 3372-   4/,1,0,,,,,,,,,,,,,,,,,0,,90,3,,220,0,,5,4,1
7,6,GY199574,26, SM 1953-  13,97795, CM 3372-   4/,1,0,,,,,,,,,,,,,,,,,0,,100,2,,,,,,,
7,6,GY199574,27, SM 1969-   7,97788, CM 5586-   1/,1,0,,,,,,,,,,,,,,,,,0,,100,3,,220,0,,15,3,1
7,6,GY199574,28, SM 1969-   8,57792, CM 5586-   1/,1,0,,,,,,,,,,,,,,,,,0,,85,2,,170,1,160,0,4,1
7,6,GY199574,29, SM 1971-  14,57626, SG  536-   1/,1,0,,,,,,,,,,,,,,,,,0,,0,,,,,,,,
7,6,GY199574,30, SM 1976-  16,97780,MEX    1/,1,0,,,,,,,,,,,,,,,,,0,,90,3,,205,2,105,25,5,1
7,6,GY199574,31, SM 1976-  17,57696,MEX    1/,1,0,,,,,,,,,,,,,,,,,0,,95,2,,210,0,,30,8,1
7,6,GY199574,32, SM 2011-   5,57452, CM  516-   7/,1,3,1,2,2,3,2,2,1,3,3,4,0,2.7,0.38,16.9,11.6,6,1,27.8,90,3,,225,0,,15,8,1
7,6,GY199574,33, SM 2012-   1,57453, CM  922-   2/,1,2,1,2,1,3,1,2,1,3,3,3,0,1,0.39,4.2,2.9,7,0,23.5,100,2,,215,1,200,20,10,1
7,6,GY199574,34, SM 2013-   5,57458, CM 4013-   1/,1,0,,,,,,,,,,,,,,,,,0,,95,2,,245,0,,30,10,1
7,6,GY199574,35, SM 2013-   6,57459, CM 4013-   1/,1,4,1,2,1,3,1,2,1,3,3,2,1,1.2,0.32,10,6.9,6,0,25.6,100,3,,280,4,160,10,5,1
7,6,GY199574,36, SM 2013-   7,57460, CM 4013-   1/,1,0,,,,,,,,,,,,,,,,,0,,90,3,,,,,,,
7,6,GY199574,37, SM 2014-   3,57463, SG  455-   1/,1,0,,,,,,,,,,,,,,,,,0,,50,3,,,,,,,
7,6,GY199574,38, SM 2018-   1,57479,BRA  150/,1,0,,,,,,,,,,,,,,,,,0,,100,4,,,,,,,
7,6,GY199574,39, SM 2019-   5,57484,BRA  179/,1,3,1,2,1,2,1,2,1,3,3,4,1,2.33,0.57,14.6,10,9,0,22.3,100,4,,230,2,85,5,6,1
7,6,GY199574,40, SM 2020-   1,57492,BRA  192/,1,4,,,,,,,,3,4,,,,,,,,0,,100,3,,200,2,50,5,8,1
7,6,GY199574,41, SM 2021-   9,97765,BRA  239/,1,2,1,2,1,3,,2,1,2,3,2,1,1.3,0.38,5.4,3.7,,0,27.8,100,3,,240,3,145,20,10,1
7,6,GY199574,42, SM 2021-  11,57502,BRA  239/,1,1,1,3,2,3,1,2,1,3,3,4,0,3.2,0.36,6.7,4.6,5,1,31.9,85,3,,280,2,175,15,10,1
7,6,GY199574,43, SM 2021-  12,57503,BRA  239/,1,0,,,,,,,,,,,,,,,,,0,,75,2,,195,0,,50,4,1
7,6,GY199574,44, SM 2021-  13,57504,BRA  239/,1,3,,,,,,,,3,4,,,,,,,,0,,85,3,,245,1,165,30,12,1
7,6,GY199574,45, SM 2023-   6,57512,BRA  255/,1,2,1,2,1,1,1,2,1,3,3,4,0,2.9,0.6,12.1,8.3,7,0,18.3,95,3,,230,0,,5,5,1
7,6,GY199574,46, SM 2023-  10,57515,BRA  255/,1,6,1,2,2,3,1,2,1,3,3,3,0,1.37,0.5,17.1,11.7,9,0,25.5,95,2,,205,1,185,5,4,1
7,6,GY199574,47, SM 2023-  11,32999,BRA  255/,1,1,,,,,,,,3,4,,,,,,,,0,,25,3,,205,1,175,25,6,1
7,6,GY199574,48, SM 2023-  12,57516,BRA  255/,1,4,,,,,,,,3,4,,,,,,,,0,,85,3,,200,1,75,15,8,1
7,6,GY199574,49, SM 2024-   2,57518,BRA  272/,1,3,1,2,2,3,1,2,1,3,3,4,0,2.5,0.47,15.6,10.7,9,0,23.2,85,3,,250,0,,10,8,1
7,6,GY199574,50, SM 2024-   3,57519,BRA  272/,1,4,,,,,,,,3,4,,,,,,,,0,,100,3,,160,0,,5,6,1
7,6,GY199574,51, SM 2026-   4,57523,BRA  293/,1,0,,,,,,,,,,,,,,,,,0,,95,2,,,,,,,
7,6,GY199574,52, SM 2026-   6,97767,BRA  293/,1,2,,,,,,,,3,4,,,,,,,,0,,75,3,,180,1,170,5,6,1
7,6,GY199574,53, SM 2026-   7,57525,BRA  293/,1,0,,,,,,,,,,,,,,,,,0,,65,2,,,,,,,
7,6,GY199574,54, SM 2026-   8,57320,BRA  293/,1,6,,,,,,,,3,4,,,,,,,,0,,100,3,,215,0,,20,6,1
7,6,GY199574,55, SM 2027-  10,57331,BRA  361/,1,3,,,,,,,,3,4,,,,,,,,0,,100,3,,200,0,,5,8,1
7,6,GY199574,56, SM 2027-  11,57332,BRA  361/,1,1,1,2,1,3,1,2,1,3,3,4,0,1.4,0.3,2.9,2,6,0,28,100,3,,170,0,,5,5,1
7,6,GY199574,57, SM 2027-  13,57334,BRA  361/,1,1,1,2,1,3,,2,1,3,3,3,0,1.9,0.46,4,2.7,,0,30.7,100,3,,165,0,,10,3,1
7,6,GY199574,58, SM 2027-  14,57335,BRA  361/,1,2,,,,,,,,4,3,,,,,,,,0,,90,3,,170,0,,20,3,2
7,6,GY199574,59, SM 2028-   6,57345,BRA  532/,1,2,,,,,,,,4,3,,,,,,,,0,,100,3,,185,0,,5,3,2
7,6,GY199574,60, SM 2028-   7,57346,BRA  532/,1,0,,,,,,,,,,,,,,,,,0,,100,4,,,,,,,
7,6,GY199574,61, SM 2028-  11,57350,BRA  532/,1,2,1,2,1,3,1,2,1,3,3,5,0,2.05,0.69,8.5,5.9,6,1,31.8,70,3,,180,2,35,35,6,1
7,6,GY199574,62, SM 2029-  12,57364,COL 1734/,1,0,,,,,,,,,,,,,,,,,0,,85,3,,190,5,40,30,10,1
7,6,GY199574,63, SM 2029-  17,57368,COL 1734/,1,1,1,2,1,3,1,2,1,3,3,4,0,1.8,0.39,3.8,2.6,7,0,28.5,50,3,,245,0,,15,3,1
7,6,GY199574,64, SM 2030-   7,57379,COL 2032/,1,2,,,,,,,,3,4,,,,,,,,0,,55,2,,170,1,120,10,4,1
7,6,GY199574,65, SM 2030-   8,57380,COL 2032/,1,3,1,2,2,2,1,2,1,3,3,2,0,1.57,0.57,9.8,6.7,5,0,23.1,100,2,,190,3,100,5,8,1
7,6,GY199574,66, SM 2030-  10,57382,COL 2032/,1,3,,,,,,,,3,4,,,,,,,,0,,100,2,,160,0,,0,6,1
7,6,GY199574,67, SM 2031-  10,57398,MEX    1/,1,3,,,,,,,,3,4,,,,,,,,0,,100,2,,200,0,,5,8,1
7,6,GY199574,68, SM 2031-  12,57400,MEX    1/,1,2,,,,,,,,3,4,,,,,,,,0,,100,3,,190,0,,0,4,1
7,6,GY199574,69, SM 2031-  15,57402,MEX    1/,1,1,,,,,,,,3,4,,,,,,,,0,,100,3,,215,0,,10,6,1
7,6,GY199574,70, SM 2031-  16,57403,MEX    1/,1,4,,,,,,,,3,4,,,,,,,,0,,100,3,,195,0,,5,6,1
7,6,GY199574,71, SM 2031-  17,57404,MEX    1/,1,1,,,,,,,,3,4,,,,,,,,0,,100,3,,185,1,120,5,8,1
7,6,GY199574,72, SM 2031-  19,57406,MEX    1/,1,3,1,2,1,3,1,2,1,3,3,3,0,1.97,0.34,12.3,8.4,5,1,29,100,2,,200,1,165,20,10,1
7,6,GY199574,73, SM 2033-   3,32995,TAI    1/,1,0,,,,,,,,,,,,,,,,,0,,80,2,,140,0,,20,6,1
7,6,GY199574,74, SM 2033-   4,57413,TAI    1/,1,4,,,,,,,,3,4,,,,,,,,0,,100,2,,215,0,,10,16,1
7,6,GY199574,75, SM 2033-   7,57415,TAI    1/,1,2,,,,,,,,3,4,,,,,,,,0,,85,3,,220,0,,10,8,1
7,6,GY199574,76, SM 2033-   9,57417,TAI    1/,1,5,1,2,2,3,1,2,1,3,3,2,0,1.34,0.55,14,9.6,6,0,26.8,95,3,,215,1,140,10,6,1
7,6,GY199574,77, SM 2033-  10,32996,TAI    1/,1,2,1,2,2,3,1,2,1,3,3,5,0,3.5,0.57,14.6,10,7,1,28.2,60,3,,235,1,170,5,12,1
7,6,GY199574,78,BRA   12,7505,,1,0,,,,,,,,,,,,,,,,,0,,100,3,,,,,,,
7,6,GY199574,79,COL   22,3322,,1,1,1,1,1,1,1,2,1,3,4,2,0,0.7,0.54,1.5,1,6,0,25.5,90,3,,175,3,70,10,6,1
7,6,GY199574,80,COL 1468,2588,,1,3,1,2,1,3,1,2,1,4,3,2,6,0.83,0.4,5.2,3.6,7,0,19.2,100,3,,170,1,130,5,3,1
7,6,GY199574,81,COL 1505,2630,,1,2,1,2,1,2,1,2,1,3,3,5,0,2.45,0.57,10.2,7,6,0,25.3,95,3,,175,2,80,13,6,2
7,6,GY199574,82,COL 1684,2826,,1,1,1,3,2,1,2,2,1,4,3,3,0,2.4,0.55,5,3.4,9,0,22.3,100,3,,160,1,60,15,3,1
7,6,GY199574,83,COL 2215,3340,,1,5,1,2,1,3,1,2,1,3,3,1,0,0.82,0.49,8.5,5.9,5,0,30.7,100,3,,210,0,,8,10,2
7,6,GY199574,84,VEN   77,10969,,1,5,1,2,2,3,1,2,1,4,3,2,0,1.22,0.45,12.7,8.7,5,0,18.9,85,3,,170,1,145,0,4,1
7,6,GY199574,546, CG 1141-   1,91847,MEX   11/COL   65,1,6,1,1,1,3,1,2,1,3,4,0,0,0.43,0.25,5.4,3.7,7,0,27.6,100,3,,158,2,93,15,6,2
