station,YYYY-MM-DD,daily_rain,daily_rain_source,max_temp,max_temp_source,min_temp,min_temp_source,vp,vp_source,evap_pan,evap_pan_source,evap_syn,evap_syn_source,evap_comb,evap_comb_source,radiation,radiation_source,rh_tmax,rh_tmax_source,rh_tmin,rh_tmin_source,et_short_crop,et_short_crop_source,et_tall_crop,et_tall_crop_source,et_morton_wet,et_morton_wet_source,metadata
33013,2009-01-01,    1.0,0, 31.4,0, 24.5,0, 27.1,0,  5.0,0,  4.8,26,  5.0,0, 14.2,25, 59.0,26, 88.2,26,  4.0,26,  5.0,26, 4.5,26,"name=COLLINSVILLE POST OFFICE                "
33013,2009-01-02,   17.2,0, 32.4,0, 23.3,0, 29.7,0,  5.4,25,  4.3,26,  5.4,25, 11.9,25, 61.1,26,100.0,26,  3.4,26,  4.1,26, 3.7,26,"latitude= -20.5533"
33013,2009-01-03,   72.0,0, 33.2,0, 22.6,0, 30.4,0,  4.2,0,  4.9,26,  4.2,0, 15.7,25, 59.8,26,100.0,26,  4.0,26,  4.7,26, 4.8,26,"longitude= 147.8464"
33013,2009-01-04,   12.8,0, 32.1,0, 23.2,0, 29.5,0,  5.0,0,  4.8,26,  5.0,0, 15.8,25, 61.7,26,100.0,26,  4.0,26,  4.7,26, 4.9,26,"elevation= 196.0 m"
33013,2009-01-05,    0.6,0, 33.0,0, 22.4,0, 26.9,0,  4.4,0,  6.0,26,  4.4,0, 21.2,25, 53.5,26, 99.3,26,  5.2,26,  6.2,26, 6.2,26,"reference=RXNVESCJHGFTW"
33013,2009-01-06,    9.8,0, 34.1,0, 22.0,0, 26.4,0,  6.2,0,  5.6,26,  6.2,0, 15.9,25, 49.4,26, 99.9,26,  4.5,26,  5.7,26, 5.1,26,"extracted=20210910"
33013,2009-01-07,    0.0,0, 32.4,0, 22.0,0, 24.1,0,  4.0,0,  5.8,26,  4.0,0, 18.8,25, 49.6,26, 91.2,26,  4.9,26,  6.1,26, 5.5,26,"Please read our web site for information about the meanings of the codes, and other information"
33013,2009-01-08,    1.0,0, 31.1,0, 23.6,0, 28.4,0,  2.6,0,  3.6,26,  2.6,0,  7.3,25, 62.9,26, 97.5,26,  2.6,26,  3.4,26, 2.4,26,""
33013,2009-01-09,   19.2,0, 34.0,0, 23.7,0, 29.3,0,  5.6,0,  5.3,26,  5.6,0, 15.9,25, 55.1,26,100.0,26,  4.4,26,  5.4,26, 5.1,26,""
33013,2009-01-10,    0.6,0, 32.4,0, 22.4,0, 23.4,0,  6.2,0,  6.0,26,  6.2,0, 19.4,25, 48.1,26, 86.4,26,  5.1,26,  6.4,26, 5.6,26,""
33013,2009-01-11,    0.0,0, 31.8,0, 21.4,0, 22.8,0,  4.8,0,  5.3,26,  4.8,0, 14.8,25, 48.5,26, 89.5,26,  4.3,26,  5.5,26, 4.5,26,""
33013,2009-01-12,    0.0,0, 28.2,0, 23.4,0, 22.4,0,  3.6,0,  3.9,26,  3.6,0,  9.4,25, 58.6,26, 77.9,26,  3.3,26,  4.3,26, 3.1,26,""
33013,2009-01-13,   16.4,0, 29.9,0, 21.0,0, 22.8,0,  5.8,0,  3.9,26,  5.8,0,  7.8,25, 54.0,26, 91.7,26,  3.0,26,  4.0,26, 2.6,26,""
33013,2009-01-14,    0.4,0, 28.6,0, 23.4,0, 25.5,0,  1.6,0,  4.1,26,  1.6,0, 12.9,25, 65.2,26, 88.6,26,  3.4,26,  4.2,26, 4.0,26,""
33013,2009-01-15,    9.2,0, 27.6,0, 22.9,0, 31.1,0,  1.4,0,  2.5,26,  1.4,0,  7.4,25, 84.2,26,100.0,26,  1.7,26,  1.8,26, 2.0,26,""
33013,2009-01-16,    2.2,0, 32.1,0, 23.4,0, 27.8,0,  5.4,0,  5.7,26,  5.4,0, 21.2,25, 58.1,26, 96.6,26,  5.0,26,  5.9,26, 6.3,26,""
33013,2009-01-17,    1.6,0, 34.7,0, 23.5,0, 27.9,0,  6.0,0,  6.0,26,  6.0,0, 18.3,25, 50.4,26, 96.4,26,  5.0,26,  6.2,26, 5.8,26,""
33013,2009-01-18,   34.0,0, 33.4,0, 20.4,0, 27.8,0,  6.8,0,  6.5,26,  6.8,0, 26.0,25, 54.0,26,100.0,26,  5.7,26,  6.5,26, 7.3,26,""
33013,2009-01-19,    0.0,0, 31.6,0, 21.7,0, 23.1,0,  7.4,0,  6.2,26,  7.4,0, 22.2,25, 49.7,26, 89.0,26,  5.4,26,  6.5,26, 6.1,26,""
33013,2009-01-20,    0.4,0, 31.4,0, 19.3,0, 22.1,0,  4.8,0,  5.7,26,  4.8,0, 18.7,25, 48.1,26, 98.8,26,  4.7,26,  5.8,26, 5.1,26,""
33013,2009-01-21,    0.0,0, 34.0,0, 21.7,0, 27.3,0,  4.6,0,  6.3,26,  4.6,0, 22.2,25, 51.3,26,100.0,26,  5.4,26,  6.4,26, 6.5,26,""
33013,2009-01-22,    0.0,0, 32.5,0, 24.1,0, 31.3,0,  3.0,0,  5.6,26,  3.0,0, 22.6,25, 64.0,26,100.0,26,  5.1,26,  5.7,26, 6.8,26,""
33013,2009-01-23,   13.8,0, 27.8,0, 23.9,0, 29.0,0,  3.0,0,  2.9,26,  3.0,0,  7.8,25, 77.6,26, 97.8,26,  2.2,26,  2.6,26, 2.3,26,""
33013,2009-01-24,   22.0,0, 31.0,0, 22.7,0, 28.6,0,  1.0,0,  4.4,26,  1.0,0, 14.2,25, 63.7,26,100.0,26,  3.6,26,  4.2,26, 4.3,26,""
33013,2009-01-25,    4.6,0, 26.8,0, 22.2,0, 30.4,0,  5.2,0,  2.5,26,  5.2,0,  8.5,25, 86.3,26,100.0,26,  1.7,26,  1.8,26, 1.4,26,""
33013,2009-01-26,    6.0,0, 32.8,0, 23.0,0, 29.5,0,  5.6,0,  4.7,26,  5.6,0, 13.7,25, 59.3,26,100.0,26,  3.7,26,  4.5,26, 4.3,26,""
33013,2009-01-27,    0.0,0, 31.9,0, 23.4,0, 26.9,0,  6.0,0,  4.1,26,  6.0,0,  8.1,25, 56.9,26, 93.5,26,  3.0,26,  4.0,26, 2.8,26,""
33013,2009-01-28,   23.4,0, 29.0,0, 21.7,0, 26.3,0,  2.6,0,  3.4,26,  2.6,0,  8.1,25, 65.7,26,100.0,26,  2.5,26,  3.1,26, 2.5,26,""
33013,2009-01-29,    1.2,0, 30.9,0, 21.6,0, 26.8,0,  5.2,0,  3.6,26,  5.2,0,  7.4,25, 60.0,26,100.0,26,  2.6,26,  3.4,26, 2.4,26,""
33013,2009-01-30,    2.2,0, 29.0,0, 22.5,0, 27.8,0,  3.0,0,  3.1,26,  3.0,0,  7.0,25, 69.4,26,100.0,26,  2.2,26,  2.8,26, 2.2,26,""
33013,2009-01-31,    0.2,0, 30.5,0, 22.4,0, 26.6,0,  4.2,0,  4.0,26,  4.2,0, 10.1,25, 60.9,26, 98.2,26,  3.1,26,  3.8,26, 3.2,26,""
33013,2009-02-01,   22.4,0, 29.2,0, 21.2,0, 28.3,0,  5.6,0,  3.1,26,  5.6,0,  7.1,25, 69.8,26,100.0,26,  2.1,26,  2.5,26, 2.1,26,""
33013,2009-02-02,   24.6,0, 27.1,0, 22.7,0, 28.1,0,  2.2,0,  2.8,26,  2.2,0,  7.1,25, 78.4,26,100.0,26,  1.9,26,  2.3,26, 2.1,26,""
33013,2009-02-03,   12.0,0, 26.5,0, 21.7,0, 26.9,0,  0.8,0,  2.8,26,  0.8,0,  8.1,25, 77.7,26,100.0,26,  2.0,26,  2.4,26, 2.3,26,""
33013,2009-02-04,    7.0,0, 28.7,0, 21.6,0, 26.8,0,  1.2,0,  3.4,26,  1.2,0,  8.8,25, 68.1,26,100.0,26,  2.5,26,  3.0,26, 2.7,26,""
33013,2009-02-05,    0.0,0, 30.2,0, 23.1,0, 28.1,0,  2.4,0,  3.6,26,  2.4,0,  7.9,25, 65.5,26, 99.5,26,  2.6,26,  3.2,26, 2.5,26,""
33013,2009-02-06,    1.0,0, 30.9,0, 24.4,0, 27.1,0,  5.4,0,  4.6,26,  5.4,0, 13.8,25, 60.7,26, 88.7,26,  3.8,26,  4.7,26, 4.4,26,""
33013,2009-02-07,    0.0,0, 27.7,0, 24.7,0, 26.6,0,  6.2,0,  3.3,26,  6.2,0,  8.2,25, 71.6,26, 85.5,26,  2.6,26,  3.3,26, 2.6,26,""
33013,2009-02-08,   26.4,0, 26.0,0, 22.3,0, 26.6,0,  2.8,0,  2.8,26,  2.8,0,  8.2,25, 79.2,26, 98.8,26,  2.1,26,  2.4,26, 2.4,26,""
33013,2009-02-09,   23.6,0, 29.8,0, 22.0,0, 30.9,0,  2.6,0,  3.0,26,  2.6,0,  7.4,25, 73.7,26,100.0,26,  1.9,26,  2.2,26, 2.1,26,""
33013,2009-02-10,   16.4,0, 31.1,0, 24.0,0, 30.2,0,  3.6,0,  4.1,26,  3.6,0, 13.2,25, 66.8,26,100.0,26,  3.4,26,  4.0,26, 4.1,26,""
33013,2009-02-11,    0.2,0, 28.5,0, 25.1,0, 31.3,0,  2.4,0,  2.8,26,  2.4,0,  7.7,25, 80.4,26, 98.2,26,  2.1,26,  2.4,26, 2.3,26,""
33013,2009-02-12,   28.0,0, 34.0,0, 23.3,0, 30.9,0,  5.6,0,  5.7,26,  5.6,0, 21.7,25, 58.1,26,100.0,26,  5.1,26,  5.9,26, 6.6,26,""
33013,2009-02-13,   43.4,0, 30.9,0, 22.5,0, 29.0,0,  5.6,25,  4.0,26,  5.6,25, 11.2,25, 64.9,26,100.0,26,  3.0,26,  3.6,26, 3.4,26,""
33013,2009-02-14,   45.8,0, 30.1,0, 23.0,0, 29.5,0,  2.4,0,  3.8,26,  2.4,0, 12.0,25, 69.1,26,100.0,26,  3.0,26,  3.5,26, 3.6,26,""
33013,2009-02-15,    6.6,0, 33.4,0, 23.1,0, 30.4,0,  6.0,0,  5.8,26,  6.0,0, 24.1,25, 59.1,26,100.0,26,  5.4,26,  6.2,26, 7.1,26,""
33013,2009-02-16,    0.0,0, 32.0,0, 23.1,0, 31.1,0,  5.6,0,  4.6,26,  5.6,0, 17.4,25, 65.4,26,100.0,26,  4.0,26,  4.6,26, 5.3,26,""
33013,2009-02-17,   26.8,0, 32.0,0, 21.6,0, 27.9,0,  4.0,0,  5.4,26,  4.0,0, 21.4,25, 58.7,26,100.0,26,  4.8,26,  5.5,26, 6.1,26,""
33013,2009-02-18,   22.8,0, 32.4,0, 20.6,0, 27.9,0,  3.6,0,  5.3,26,  3.6,0, 20.6,25, 57.4,26,100.0,26,  4.6,26,  5.4,26, 5.9,26,""
33013,2009-02-19,    8.8,0, 33.0,0, 22.5,0, 30.0,0,  6.4,0,  5.7,26,  6.4,0, 24.3,25, 59.6,26,100.0,26,  5.3,26,  6.0,26, 7.1,26,""
33013,2009-02-20,    2.0,0, 34.4,0, 23.2,0, 28.8,0,  5.0,0,  6.2,26,  5.0,0, 22.7,25, 52.9,26,100.0,26,  5.5,26,  6.5,26, 6.8,26,""
33013,2009-02-21,    0.0,0, 34.1,0, 22.4,0, 28.6,0,  5.4,0,  6.4,26,  5.4,0, 25.9,25, 53.5,26,100.0,26,  5.9,26,  6.8,26, 7.5,26,""
33013,2009-02-22,    0.0,0, 27.8,0, 24.7,0, 30.9,0,  3.4,0,  3.2,26,  3.4,0, 13.3,25, 82.7,26, 99.3,26,  2.9,26,  3.1,26, 3.9,26,""
33013,2009-02-23,    0.6,0, 29.4,0, 23.1,0, 28.4,0,  0.0,0,  3.6,26,  0.0,0, 10.8,25, 69.3,26,100.0,26,  2.8,26,  3.4,26, 3.3,26,""
33013,2009-02-24,   10.0,0, 31.0,0, 21.1,0, 29.0,0,  3.6,0,  4.8,26,  3.6,0, 20.2,25, 64.6,26,100.0,26,  4.2,26,  4.8,26, 5.8,26,""
33013,2009-02-25,    2.4,0, 31.2,0, 23.1,0, 28.8,0,  4.2,0,  4.1,26,  4.2,0, 10.9,25, 63.4,26,100.0,26,  3.1,26,  3.8,26, 3.4,26,""
33013,2009-02-26,   19.0,0, 32.2,0, 22.3,0, 30.6,0,  7.8,0,  5.0,26,  7.8,0, 20.5,25, 63.6,26,100.0,26,  4.5,26,  5.0,26, 6.1,26,""
33013,2009-02-27,    6.0,0, 32.5,0, 20.6,0, 23.5,0,  6.0,0,  6.5,26,  6.0,0, 25.5,25, 48.0,26, 96.9,26,  5.7,26,  6.9,26, 6.9,26,""
33013,2009-02-28,    0.0,0, 32.2,0, 19.0,0, 24.4,0,  6.4,0,  6.0,26,  6.4,0, 24.0,25, 50.7,26,100.0,26,  5.2,26,  6.2,26, 6.4,26,""
33013,2009-03-01,    0.0,0, 32.7,0, 18.0,0, 22.1,0,  5.4,0,  6.2,26,  5.4,0, 26.7,25, 44.7,26,100.0,26,  5.8,26,  7.0,26, 7.0,26,""
33013,2009-03-02,    0.0,0, 34.8,0, 17.5,0, 23.2,0,  5.0,0,  6.6,26,  5.0,0, 27.0,25, 41.7,26,100.0,26,  6.1,26,  7.4,26, 7.2,26,""
33013,2009-03-03,    0.0,0, 33.0,0, 18.0,0, 24.0,0,  6.8,0,  5.8,26,  6.8,0, 23.2,25, 47.7,26,100.0,26,  5.2,26,  6.3,26, 6.2,26,""
33013,2009-03-04,    0.0,0, 34.0,0, 20.0,0, 24.0,0,  5.2,0,  6.1,26,  5.2,0, 22.6,25, 45.1,26,100.0,26,  5.5,26,  6.7,26, 6.2,26,""
33013,2009-03-05,    0.6,0, 33.3,0, 21.9,0, 27.1,0,  4.8,0,  5.7,26,  4.8,0, 23.4,25, 53.0,26,100.0,26,  5.4,26,  6.4,26, 6.7,26,""
33013,2009-03-06,    0.6,0, 32.5,0, 24.4,0, 28.6,0,  5.8,0,  5.1,26,  5.8,0, 19.0,25, 58.5,26, 93.6,26,  4.7,26,  5.6,26, 5.8,26,""
33013,2009-03-07,    0.0,0, 29.1,0, 21.0,0, 22.1,0,  3.8,0,  4.5,26,  3.8,0, 12.8,25, 54.9,26, 88.9,26,  3.6,26,  4.6,26, 3.8,26,""
33013,2009-03-08,    0.8,0, 29.9,0, 22.8,0, 27.1,0,  3.8,0,  4.2,26,  3.8,0, 14.0,25, 64.2,26, 97.7,26,  3.5,26,  4.2,26, 4.3,26,""
33013,2009-03-09,    8.8,0, 31.7,0, 21.5,0, 26.6,0,  3.6,0,  5.2,26,  3.6,0, 22.3,25, 56.9,26,100.0,26,  4.9,26,  5.7,26, 6.2,26,""
33013,2009-03-10,    0.0,0, 33.9,0, 21.1,0, 29.7,0,  5.6,25,  5.3,26,  5.6,25, 21.1,25, 56.1,26,100.0,26,  4.8,26,  5.6,26, 6.2,26,""
33013,2009-03-11,   17.8,0, 31.9,0, 21.8,0, 27.8,0, 12.3,0,  4.7,26, 12.3,0, 16.2,25, 58.8,26,100.0,26,  3.9,26,  4.7,26, 5.0,26,""
33013,2009-03-12,   16.4,0, 31.7,0, 21.3,0, 25.8,0,  4.2,0,  4.9,26,  4.2,0, 16.3,25, 55.2,26,100.0,26,  4.1,26,  5.0,26, 4.8,26,""
33013,2009-03-13,    0.0,0, 31.7,0, 22.2,0, 23.8,0,  4.0,0,  5.1,26,  4.0,0, 14.7,25, 50.9,26, 89.0,26,  4.1,26,  5.3,26, 4.5,26,""
33013,2009-03-14,    0.0,0, 32.5,0, 20.9,0, 25.5,0,  4.1,0,  5.3,26,  4.1,0, 19.2,25, 52.1,26,100.0,26,  4.6,26,  5.6,26, 5.5,26,""
33013,2009-03-15,    0.0,0, 33.0,0, 19.9,0, 24.4,0,  5.0,0,  5.9,26,  5.0,0, 24.0,25, 48.5,26,100.0,26,  5.4,26,  6.5,26, 6.5,26,""
33013,2009-03-16,    0.0,0, 34.0,0, 18.9,0, 25.0,0,  5.6,0,  6.1,26,  5.6,0, 25.1,25, 47.0,26,100.0,26,  5.6,26,  6.7,26, 6.9,26,""
33013,2009-03-17,    0.0,0, 33.0,0, 18.7,0, 24.0,0,  5.8,0,  5.7,26,  5.8,0, 21.1,25, 47.7,26,100.0,26,  4.9,26,  6.0,26, 5.7,26,""
33013,2009-03-18,    0.0,0, 29.5,0, 20.5,0, 24.1,0,  3.6,0,  4.1,26,  3.6,0,  9.9,25, 58.5,26,100.0,26,  2.9,26,  3.7,26, 3.1,26,""
33013,2009-03-19,    0.4,0, 31.3,0, 21.1,0, 24.7,0,  4.2,0,  5.0,26,  4.2,0, 17.1,25, 54.1,26, 98.8,26,  4.2,26,  5.2,26, 4.9,26,""
33013,2009-03-20,    0.0,0, 31.4,0, 19.0,0, 22.8,0,  3.6,0,  5.4,26,  3.6,0, 20.2,25, 49.6,26,100.0,26,  4.6,26,  5.7,26, 5.3,26,""
33013,2009-03-21,    0.0,0, 32.4,0, 18.2,0, 22.8,0,  4.4,0,  5.8,26,  4.4,0, 23.2,25, 46.9,26,100.0,26,  5.1,26,  6.2,26, 6.1,26,""
33013,2009-03-22,    0.0,0, 32.4,0, 18.3,0, 22.5,0,  4.6,0,  5.8,26,  4.6,0, 23.1,25, 46.3,26,100.0,26,  5.1,26,  6.3,26, 6.0,26,""
33013,2009-03-23,    0.0,0, 31.8,0, 17.6,0, 20.6,0,  5.0,0,  5.6,26,  5.0,0, 19.1,25, 43.8,26,100.0,26,  4.6,26,  5.9,26, 4.9,26,""
33013,2009-03-24,    0.0,0, 31.5,0, 17.2,0, 20.8,0,  5.8,0,  5.8,26,  5.8,0, 23.4,25, 45.0,26,100.0,26,  5.1,26,  6.2,26, 5.9,26,""
33013,2009-03-25,    0.0,0, 30.5,0, 16.5,0, 19.7,0,  4.2,0,  5.6,26,  4.2,0, 22.9,25, 45.1,26,100.0,26,  4.9,26,  6.0,26, 5.6,26,""
33013,2009-03-26,    0.0,0, 30.8,0, 17.0,0, 19.3,0,  3.6,0,  5.7,26,  3.6,0, 22.4,25, 43.5,26, 99.7,26,  4.9,26,  6.2,26, 5.5,26,""
33013,2009-03-27,    0.0,0, 31.8,0, 14.6,0, 18.4,0,  3.2,0,  6.0,26,  3.2,0, 22.9,25, 39.1,26,100.0,26,  5.1,26,  6.4,26, 5.5,26,""
33013,2009-03-28,    0.0,0, 32.0,0, 16.8,0, 19.7,0,  2.8,0,  6.0,26,  2.8,0, 22.5,25, 41.4,26,100.0,26,  5.1,26,  6.4,26, 5.6,26,""
33013,2009-03-29,    0.0,0, 31.0,0, 16.6,0, 19.4,0,  4.6,0,  5.7,26,  4.6,0, 21.7,25, 43.2,26,100.0,26,  4.8,26,  6.1,26, 5.4,26,""
33013,2009-03-30,    0.4,0, 30.5,0, 16.0,0, 20.8,0,  4.4,0,  5.5,26,  4.4,0, 23.6,25, 47.6,26,100.0,26,  4.8,26,  5.8,26, 5.9,26,""
33013,2009-03-31,    0.0,0, 32.2,0, 17.0,0, 22.1,0,  4.2,0,  5.8,26,  4.2,0, 23.4,25, 46.0,26,100.0,26,  5.0,26,  6.1,26, 6.0,26,""
33013,2009-04-01,    0.0,0, 33.5,0, 18.4,0, 24.9,0,  5.8,0,  5.5,26,  5.8,0, 22.8,25, 48.1,26,100.0,26,  5.0,26,  6.1,26, 6.1,26,""
33013,2009-04-02,    0.0,0, 32.9,0, 19.2,0, 25.2,0,  5.2,0,  5.2,26,  5.2,0, 21.7,25, 50.4,26,100.0,26,  4.8,26,  5.8,26, 5.9,26,""
33013,2009-04-03,    0.0,0, 33.8,0, 18.7,0, 24.4,0,  4.4,0,  5.5,26,  4.4,0, 22.0,25, 46.4,26,100.0,26,  5.0,26,  6.2,26, 5.9,26,""
33013,2009-04-04,    0.0,0, 33.9,0, 19.3,0, 24.9,0,  4.6,0,  5.5,26,  4.6,0, 21.5,25, 47.1,26,100.0,26,  5.0,26,  6.1,26, 5.9,26,""
33013,2009-04-05,    0.0,0, 34.0,0, 18.6,0, 25.9,25,  4.8,0,  5.2,26,  4.8,0, 20.1,25, 48.7,26,100.0,26,  4.6,26,  5.7,26, 5.5,26,""
33013,2009-04-06,    5.8,0, 31.4,0, 20.5,0, 26.8,0,  4.4,0,  4.7,26,  4.4,0, 20.8,25, 58.3,26,100.0,26,  4.3,26,  5.1,26, 5.7,26,""
33013,2009-04-07,    0.0,0, 32.9,0, 19.8,0, 24.0,0,  3.8,0,  5.1,26,  3.8,0, 19.3,25, 48.0,26,100.0,26,  4.6,26,  5.7,26, 5.2,26,""
33013,2009-04-08,    0.0,0, 30.1,0, 19.6,0, 24.3,0,  3.0,0,  4.4,26,  3.0,0, 18.3,25, 56.9,26,100.0,26,  3.9,26,  4.7,26, 4.8,26,""
33013,2009-04-09,    0.0,0, 29.6,0, 18.9,0, 21.8,0,  3.4,0,  4.4,26,  3.4,0, 16.7,25, 52.6,26, 99.9,26,  3.8,26,  4.8,26, 4.3,26,""
33013,2009-04-10,    1.2,0, 25.9,0, 21.0,0, 25.5,0,  3.0,0,  2.4,26,  3.0,0,  5.7,25, 76.3,26,100.0,26,  1.6,26,  2.0,26, 1.7,26,""
33013,2009-04-11,    7.4,0, 27.1,0, 20.9,0, 25.0,0,  1.6,0,  2.7,26,  1.6,0,  6.2,25, 69.7,26,100.0,26,  1.9,26,  2.5,26, 1.9,26,""
33013,2009-04-12,    0.0,0, 31.3,0, 17.4,0, 23.0,0,  2.4,0,  4.2,26,  2.4,0, 13.4,25, 50.3,26,100.0,26,  3.4,26,  4.4,26, 3.7,26,""
33013,2009-04-13,    0.0,0, 29.0,0, 21.6,0, 25.3,0,  2.8,0,  3.5,26,  2.8,0, 11.3,25, 63.2,26, 98.1,26,  2.9,26,  3.6,26, 3.5,26,""
33013,2009-04-14,    3.2,0, 29.4,0, 22.4,0, 25.2,0,  2.8,0,  3.5,26,  2.8,0, 10.1,25, 61.5,26, 93.1,26,  2.9,26,  3.7,26, 3.3,26,""
33013,2009-04-15,   16.2,0, 30.4,0, 21.7,0, 25.8,0,  3.8,0,  4.0,26,  3.8,0, 13.8,25, 59.4,26, 99.4,26,  3.4,26,  4.2,26, 4.1,26,""
33013,2009-04-16,    0.0,0, 31.5,0, 20.5,0, 26.9,0,  3.2,0,  4.6,26,  3.2,0, 19.4,25, 58.2,26,100.0,26,  4.1,26,  4.8,26, 5.3,26,""
33013,2009-04-17,    4.4,0, 31.2,0, 18.7,0, 23.0,0,  3.4,0,  4.9,26,  3.4,0, 20.4,25, 50.6,26,100.0,26,  4.4,26,  5.4,26, 5.3,26,""
33013,2009-04-18,    0.0,0, 31.0,0, 16.2,0, 18.3,0,  3.0,0,  5.3,26,  3.0,0, 20.3,25, 40.7,26, 99.4,26,  4.6,26,  5.9,26, 4.9,26,""
33013,2009-04-19,    0.0,0, 30.9,0, 17.5,0, 21.4,0,  4.2,0,  5.0,26,  4.2,0, 20.4,25, 47.9,26,100.0,26,  4.3,26,  5.4,26, 5.1,26,""
33013,2009-04-20,    0.0,0, 30.7,0, 17.1,0, 23.1,0,  3.6,0,  4.8,26,  3.6,0, 20.4,25, 52.3,26,100.0,26,  4.1,26,  5.0,26, 5.2,26,""
33013,2009-04-21,    0.0,0, 30.6,0, 17.4,0, 23.5,0,  4.6,0,  4.7,26,  4.6,0, 20.4,25, 53.5,26,100.0,26,  4.1,26,  4.9,26, 5.2,26,""
33013,2009-04-22,    0.0,0, 30.0,0, 14.8,0, 21.4,0,  3.8,0,  4.7,26,  3.8,0, 20.2,25, 50.4,26,100.0,26,  3.9,26,  4.8,26, 4.9,26,""
33013,2009-04-23,    0.0,0, 29.6,0, 13.0,0, 18.9,0,  4.2,0,  4.9,26,  4.2,0, 20.9,25, 45.6,26,100.0,26,  4.1,26,  5.1,26, 4.8,26,""
33013,2009-04-24,    0.0,0, 28.1,25, 14.1,0, 20.1,0,  5.2,25,  4.5,26,  5.2,25, 20.3,25, 52.9,26,100.0,26,  3.7,26,  4.4,26, 4.7,26,""
33013,2009-04-25,    0.0,0, 29.2,25, 15.1,25, 21.5,25,  5.2,25,  4.6,26,  5.2,25, 20.0,25, 53.1,26,100.0,26,  3.7,26,  4.5,26, 4.8,26,""
33013,2009-04-26,    0.0,0, 30.1,25, 16.7,25, 21.5,25,  5.4,25,  4.8,26,  5.4,25, 20.3,25, 50.4,26,100.0,26,  4.1,26,  5.0,26, 5.0,26,""
33013,2009-04-27,    0.0,0, 29.3,25, 16.1,25, 18.2,25,  5.5,25,  5.0,26,  5.5,25, 20.5,25, 44.7,26, 99.5,26,  4.2,26,  5.4,26, 4.8,26,""
33013,2009-04-28,    0.0,0, 30.6,0, 13.1,25, 16.2,0,  4.8,0,  5.4,26,  4.8,0, 20.8,25, 36.9,26,100.0,26,  4.5,26,  5.9,26, 4.8,26,""
33013,2009-04-29,    0.0,0, 30.7,0, 13.0,0, 18.5,0,  3.8,0,  5.1,26,  3.8,0, 20.2,25, 41.9,26,100.0,26,  4.2,26,  5.3,26, 4.7,26,""
33013,2009-04-30,    0.0,0, 30.1,0, 12.1,0, 18.5,0,  4.2,0,  5.0,26,  4.2,0, 20.4,25, 43.4,26,100.0,26,  4.0,26,  5.1,26, 4.7,26,""
33013,2009-05-01,    0.0,0, 28.6,0, 11.7,0, 15.7,0,  3.6,0,  4.1,26,  3.6,0, 18.3,25, 40.1,26,100.0,26,  3.8,26,  5.1,26, 3.9,26,""
33013,2009-05-02,    0.0,0, 30.0,0, 14.4,0, 15.8,0,  4.4,0,  4.2,26,  4.4,0, 17.3,25, 37.2,26, 96.4,26,  4.1,26,  5.6,26, 3.9,26,""
33013,2009-05-03,    0.0,0, 29.9,0, 16.2,0, 18.1,0,  3.4,0,  3.8,26,  3.4,0, 13.9,25, 42.9,26, 98.3,26,  3.6,26,  4.9,26, 3.4,26,""
33013,2009-05-04,    0.0,0, 28.6,0, 13.7,0, 16.5,0,  3.4,0,  3.9,26,  3.4,0, 16.7,25, 42.2,26,100.0,26,  3.7,26,  4.9,26, 3.7,26,""
33013,2009-05-05,    0.0,0, 27.0,0, 11.3,0, 14.6,0,  3.6,0,  3.5,26,  3.6,0, 12.9,25, 41.0,26,100.0,26,  3.2,26,  4.4,26, 2.7,26,""
33013,2009-05-06,    0.2,0, 27.0,0, 16.5,0, 17.7,0,  2.2,0,  2.8,26,  2.2,0,  5.6,25, 49.7,26, 94.4,26,  2.4,26,  3.5,26, 1.9,26,""
33013,2009-05-07,    0.0,0, 27.0,0, 15.2,0, 18.1,0,  3.2,0,  2.8,26,  3.2,0,  7.0,25, 50.8,26,100.0,26,  2.4,26,  3.3,26, 2.2,26,""
33013,2009-05-08,    0.0,0, 26.4,0, 17.8,0, 18.0,0,  2.6,0,  2.7,26,  2.6,0,  5.4,25, 52.3,26, 88.4,26,  2.4,26,  3.4,26, 1.9,26,""
33013,2009-05-09,    0.0,0, 27.0,0, 16.1,0, 17.5,0,  2.2,0,  3.1,26,  2.2,0,  9.5,25, 49.1,26, 95.7,26,  2.8,26,  3.8,26, 2.4,26,""
33013,2009-05-10,    0.0,0, 26.0,0, 16.8,0, 18.4,0,  3.2,0,  2.6,26,  3.2,0,  5.7,25, 54.8,26, 96.2,26,  2.2,26,  3.1,26, 1.9,26,""
33013,2009-05-11,    0.0,0, 26.5,0, 15.0,0, 17.3,0,  3.0,0,  3.4,26,  3.0,0, 14.2,25, 50.0,26,100.0,26,  3.1,26,  4.0,26, 3.1,26,""
33013,2009-05-12,    0.2,0, 26.1,0, 17.3,0, 19.3,0,  0.6,0,  2.8,26,  0.6,0,  8.6,25, 57.1,26, 97.8,26,  2.4,26,  3.2,26, 2.4,26,""
33013,2009-05-13,    0.0,0, 23.4,0, 17.4,0, 19.6,0,  2.4,0,  2.3,26,  2.4,0,  6.8,25, 68.1,26, 98.7,26,  1.8,26,  2.4,26, 2.0,26,""
33013,2009-05-14,    2.0,0, 28.9,0, 15.1,0, 18.8,0,  2.6,0,  3.8,26,  2.6,0, 16.6,25, 47.2,26,100.0,26,  3.5,26,  4.5,26, 3.8,26,""
33013,2009-05-15,    0.0,0, 27.5,0, 13.0,0, 16.8,0,  2.6,0,  3.3,26,  2.6,0, 11.0,25, 45.8,26,100.0,26,  2.8,26,  3.9,26, 2.5,26,""
33013,2009-05-16,    0.0,0, 27.7,0,  9.8,0, 13.8,0,  2.8,0,  3.6,26,  2.8,0, 12.3,25, 37.2,26,100.0,26,  3.2,26,  4.5,26, 2.5,26,""
33013,2009-05-17,    0.0,0, 27.7,0,  8.1,0, 11.8,0,  3.0,0,  3.9,26,  3.0,0, 15.1,25, 31.8,26,100.0,26,  3.6,26,  5.1,26, 2.9,26,""
33013,2009-05-18,    0.0,0, 27.0,0,  7.9,0, 11.0,0,  2.6,0,  3.9,26,  2.6,0, 15.5,25, 30.9,26,100.0,26,  3.6,26,  5.1,26, 3.0,26,""
33013,2009-05-19,    0.0,0, 27.0,0, 14.9,0, 16.1,0,  2.8,0,  3.4,26,  2.8,0, 11.6,25, 45.2,26, 95.1,26,  3.0,26,  4.2,26, 2.6,26,""
33013,2009-05-20,    0.0,0, 27.4,0, 10.8,0, 17.4,0,  2.2,0,  3.6,26,  2.2,0, 16.2,25, 47.7,26,100.0,26,  3.0,26,  3.9,26, 3.4,26,""
33013,2009-05-21,    0.4,0, 25.8,0, 10.9,0, 13.1,0,  2.4,0,  3.9,26,  2.4,0, 17.6,25, 39.4,26,100.0,26,  3.4,26,  4.6,26, 3.5,26,""
33013,2009-05-22,    0.0,0, 25.0,0,  7.6,0, 12.0,0,  3.0,0,  3.8,26,  3.0,0, 17.0,25, 37.9,26,100.0,26,  3.2,26,  4.4,26, 3.2,26,""
33013,2009-05-23,    0.0,0, 25.5,0,  8.7,0, 12.9,0,  2.6,0,  3.9,26,  2.6,0, 18.7,25, 39.5,26,100.0,26,  3.3,26,  4.5,26, 3.7,26,""
33013,2009-05-24,    0.0,0, 29.0,0,  8.8,0, 13.8,0,  3.8,0,  4.2,26,  3.8,0, 17.6,25, 34.5,26,100.0,26,  3.7,26,  5.1,26, 3.6,26,""
33013,2009-05-25,    0.0,0, 26.2,0, 16.9,0, 19.0,0,  3.0,0,  2.8,26,  3.0,0,  8.4,25, 55.9,26, 98.7,26,  2.4,26,  3.2,26, 2.2,26,""
33013,2009-05-26,    0.0,0, 28.0,0, 12.4,0, 16.7,0,  3.4,0,  3.8,26,  3.4,0, 16.1,25, 44.2,26,100.0,26,  3.3,26,  4.3,26, 3.4,26,""
33013,2009-05-27,    0.0,0, 27.8,0, 12.8,0, 16.4,0,  3.0,0,  3.5,26,  3.0,0, 12.5,25, 43.9,26,100.0,26,  3.0,26,  4.1,26, 2.7,26,""
33013,2009-05-28,    0.0,0, 28.4,0, 12.4,0, 17.7,0,  3.0,0,  3.8,26,  3.0,0, 16.4,25, 45.8,26,100.0,26,  3.2,26,  4.2,26, 3.5,26,""
33013,2009-05-29,    0.0,0, 28.2,0, 12.2,0, 17.3,0,  2.8,0,  3.7,26,  2.8,0, 16.0,25, 45.2,26,100.0,26,  3.2,26,  4.2,26, 3.4,26,""
33013,2009-05-30,    0.0,0, 27.8,0, 11.2,0, 14.6,0,  3.4,0,  3.7,26,  3.4,0, 14.4,25, 39.1,26,100.0,26,  3.3,26,  4.5,26, 2.9,26,""
33013,2009-05-31,    0.0,0, 27.6,0, 14.3,0, 17.5,0,  3.0,0,  3.5,26,  3.0,0, 13.9,25, 47.4,26,100.0,26,  3.0,26,  4.0,26, 3.0,26,""
33013,2009-06-01,    0.0,0, 24.4,25, 16.1,0, 18.8,0,  4.1,25,  2.6,26,  4.1,25, 11.5,25, 61.5,26,100.0,26,  2.3,26,  3.0,26, 2.5,26,""
33013,2009-06-02,    0.0,0, 25.4,25, 15.3,25, 18.7,25,  3.5,25,  2.8,26,  3.5,25, 13.2,25, 57.7,26,100.0,26,  2.6,26,  3.2,26, 2.8,26,""
33013,2009-06-03,    0.0,0, 28.6,0, 14.6,0, 17.1,0,  1.8,0,  3.3,26,  1.8,0, 14.8,25, 43.7,26,100.0,26,  3.3,26,  4.5,26, 3.2,26,""
33013,2009-06-04,    0.0,0, 28.5,0, 12.8,0, 17.3,0,  2.6,0,  3.3,26,  2.6,0, 15.6,25, 44.5,26,100.0,26,  3.2,26,  4.3,26, 3.3,26,""
33013,2009-06-05,    0.0,0, 29.0,0, 13.0,0, 18.7,0,  2.2,0,  3.3,26,  2.2,0, 16.1,25, 46.7,26,100.0,26,  3.2,26,  4.2,26, 3.5,26,""
33013,2009-06-06,    0.0,0, 29.0,0, 13.4,0, 17.4,0,  4.2,0,  3.4,26,  4.2,0, 16.3,25, 43.4,26,100.0,26,  3.4,26,  4.5,26, 3.6,26,""
33013,2009-06-07,    0.0,0, 28.6,0, 15.6,0, 20.3,0,  3.2,0,  3.2,26,  3.2,0, 15.7,25, 51.9,26,100.0,26,  3.1,26,  3.9,26, 3.6,26,""
33013,2009-06-08,    0.0,0, 26.7,0, 11.3,0,  8.8,0,  2.6,0,  3.7,26,  2.6,0, 17.2,25, 25.1,26, 65.8,26,  3.9,26,  5.8,26, 3.3,26,""
33013,2009-06-09,    0.0,0, 25.2,0,  7.2,0,  9.0,0,  3.4,0,  3.5,26,  3.4,0, 17.6,25, 28.1,26, 88.7,26,  3.6,26,  5.1,26, 3.2,26,""
33013,2009-06-10,    0.0,0, 25.0,0,  4.3,0,  7.6,0,  3.8,0,  3.6,26,  3.8,0, 18.2,25, 24.0,26, 91.5,26,  3.7,26,  5.4,26, 3.2,26,""
33013,2009-06-11,    0.0,0, 24.4,0,  4.5,0,  9.4,0,  2.2,0,  3.4,26,  2.2,0, 18.2,25, 30.8,26,100.0,26,  3.3,26,  4.7,26, 3.3,26,""
33013,2009-06-12,    0.0,0, 24.4,0,  3.6,0,  8.0,0,  2.8,0,  3.5,26,  2.8,0, 18.2,25, 26.2,26,100.0,26,  3.5,26,  5.1,26, 3.2,26,""
33013,2009-06-13,    0.0,0, 25.9,0,  5.9,0, 10.5,0,  2.0,0,  3.5,26,  2.0,0, 17.7,25, 31.4,26,100.0,26,  3.4,26,  4.8,26, 3.3,26,""
33013,2009-06-14,    0.0,0, 27.0,0,  8.6,0, 15.2,0,  2.8,0,  3.2,26,  2.8,0, 15.7,25, 42.6,26,100.0,26,  3.0,26,  4.0,26, 3.1,26,""
33013,2009-06-15,    0.0,0, 28.5,0, 10.5,0, 16.0,0,  2.8,0,  3.4,26,  2.8,0, 17.2,25, 41.1,26,100.0,26,  3.3,26,  4.5,26, 3.6,26,""
33013,2009-06-16,    0.0,0, 24.9,0,  8.4,0,  9.5,0,  2.6,0,  3.4,26,  2.6,0, 16.8,25, 30.2,26, 86.2,26,  3.4,26,  5.0,26, 3.1,26,""
33013,2009-06-17,    0.0,0, 27.2,0,  5.9,0, 10.2,0,  3.4,0,  3.6,26,  3.4,0, 17.8,25, 28.3,26,100.0,26,  3.7,26,  5.3,26, 3.4,26,""
33013,2009-06-18,    0.0,0, 26.2,0,  8.6,0, 13.5,0,  3.4,0,  3.3,26,  3.4,0, 17.0,25, 39.7,26,100.0,26,  3.1,26,  4.3,26, 3.3,26,""
33013,2009-06-19,    0.0,0, 25.1,0,  6.1,0, 11.0,0,  3.2,0,  3.4,26,  3.2,0, 17.7,25, 34.5,26,100.0,26,  3.2,26,  4.5,26, 3.3,26,""
33013,2009-06-20,    0.0,0, 27.3,0,  6.0,0, 12.8,0,  2.4,0,  3.3,26,  2.4,0, 15.8,25, 35.3,26,100.0,26,  3.2,26,  4.5,26, 2.9,26,""
33013,2009-06-21,    0.4,0, 25.4,0, 13.6,0, 18.8,0,  2.8,0,  2.7,26,  2.8,0, 11.2,25, 58.0,26,100.0,26,  2.2,26,  2.8,26, 2.4,26,""
33013,2009-06-22,    0.0,0, 28.4,0, 12.8,0, 14.3,0,  3.0,0,  3.3,26,  3.0,0, 14.0,25, 37.0,26, 96.8,26,  3.4,26,  4.8,26, 2.9,26,""
33013,2009-06-23,    0.0,0, 28.6,0, 12.6,0, 16.8,0,  3.4,0,  3.4,26,  3.4,0, 16.6,25, 42.9,26,100.0,26,  3.3,26,  4.4,26, 3.6,26,""
33013,2009-06-24,    0.0,0, 28.5,0, 11.9,0, 16.6,0,  2.6,0,  3.3,26,  2.6,0, 15.5,25, 42.7,26,100.0,26,  3.2,26,  4.3,26, 3.2,26,""
33013,2009-06-25,    0.0,0, 27.5,0,  9.5,0, 14.4,0,  2.6,0,  3.3,26,  2.6,0, 15.4,25, 39.2,26,100.0,26,  3.2,26,  4.4,26, 3.0,26,""
33013,2009-06-26,    0.0,0, 29.0,0, 11.2,0, 17.3,0,  3.2,0,  3.3,26,  3.2,0, 15.6,25, 43.2,26,100.0,26,  3.2,26,  4.2,26, 3.3,26,""
33013,2009-06-27,    5.0,0, 27.2,0, 16.9,0, 21.3,0,  3.8,0,  3.1,26,  3.8,0, 16.8,25, 59.1,26,100.0,26,  2.9,26,  3.6,26, 3.9,26,""
33013,2009-06-28,    0.0,0, 27.0,0,  7.9,0, 12.6,0,  3.2,0,  3.5,26,  3.2,0, 17.9,25, 35.3,26,100.0,26,  3.4,26,  4.7,26, 3.5,26,""
33013,2009-06-29,    0.0,0, 27.0,0,  6.4,0, 10.7,0,  3.4,0,  3.6,26,  3.4,0, 17.8,25, 30.0,26,100.0,26,  3.6,26,  5.1,26, 3.4,26,""
33013,2009-06-30,    0.0,0, 27.9,0,  7.5,0, 11.4,0,  4.0,0,  3.6,26,  4.0,0, 17.5,25, 30.3,26,100.0,26,  3.7,26,  5.2,26, 3.4,26,""
33013,2009-07-01,    0.0,0, 29.0,0, 10.9,0, 15.1,0,  2.8,0,  3.6,26,  2.8,0, 17.8,25, 37.7,26,100.0,26,  3.6,26,  4.9,26, 3.8,26,""
33013,2009-07-02,    0.0,0, 31.4,0, 12.7,0, 16.3,0,  3.4,0,  3.6,26,  3.4,0, 16.7,25, 35.5,26,100.0,26,  3.9,26,  5.4,26, 3.7,26,""
33013,2009-07-03,    0.0,0, 25.2,0,  9.8,0,  8.1,0,  3.2,0,  3.6,26,  3.2,0, 18.1,25, 25.3,26, 66.9,26,  3.8,26,  5.6,26, 3.4,26,""
33013,2009-07-04,    0.0,0, 23.6,0,  5.5,0,  8.2,0,  2.6,0,  3.5,26,  2.6,0, 18.4,25, 28.2,26, 90.8,26,  3.5,26,  4.9,26, 3.3,26,""
33013,2009-07-05,    0.0,0, 25.0,0,  3.5,0,  8.8,0,  3.2,0,  3.5,26,  3.2,0, 17.3,25, 27.8,26,100.0,26,  3.4,26,  4.9,26, 3.0,26,""
33013,2009-07-06,    0.0,0, 25.9,0,  7.1,0, 12.0,0,  3.0,0,  3.3,26,  3.0,0, 16.2,25, 35.9,26,100.0,26,  3.2,26,  4.4,26, 3.0,26,""
33013,2009-07-07,    0.0,0, 28.0,0, 10.2,0,  8.0,0,  3.0,0,  3.7,26,  3.0,0, 16.9,25, 21.2,26, 64.3,26,  4.2,26,  6.2,26, 3.3,26,""
33013,2009-07-08,    0.0,0, 26.2,0, 10.9,0, 14.3,0,  3.8,0,  3.3,26,  3.8,0, 16.2,25, 42.1,26,100.0,26,  3.1,26,  4.3,26, 3.2,26,""
33013,2009-07-09,    0.0,0, 24.7,0, 10.0,0, 13.5,0,  3.6,0,  3.4,26,  3.6,0, 17.7,25, 43.4,26,100.0,26,  3.1,26,  4.1,26, 3.5,26,""
33013,2009-07-10,    0.0,0, 24.0,0,  6.6,0, 10.4,0,  2.4,0,  3.5,26,  2.4,0, 18.4,25, 34.9,26,100.0,26,  3.3,26,  4.5,26, 3.4,26,""
33013,2009-07-11,    0.0,0, 25.0,0,  4.6,0,  8.1,0,  3.4,0,  3.6,26,  3.4,0, 18.4,25, 25.6,26, 95.5,26,  3.6,26,  5.3,26, 3.3,26,""
33013,2009-07-12,    0.0,0, 26.9,0,  6.2,0, 11.5,0,  2.4,0,  3.6,26,  2.4,0, 18.2,25, 32.5,26,100.0,26,  3.5,26,  4.9,26, 3.5,26,""
33013,2009-07-13,    0.0,0, 28.0,0,  8.9,0, 12.4,0,  3.8,0,  3.5,26,  3.8,0, 17.0,25, 32.8,26,100.0,26,  3.6,26,  5.1,26, 3.4,26,""
33013,2009-07-14,    0.0,0, 28.0,0, 12.5,0, 20.0,0,  3.4,0,  3.3,26,  3.4,0, 17.4,25, 52.9,26,100.0,26,  3.0,26,  3.6,26, 3.8,26,""
33013,2009-07-15,    0.0,0, 23.0,0,  6.7,0,  8.4,0,  2.8,0,  3.6,26,  2.8,0, 19.1,25, 29.9,26, 85.6,26,  3.5,26,  4.9,26, 3.5,26,""
33013,2009-07-16,    0.0,0, 22.0,0,  2.8,0,  6.8,0,  3.4,0,  3.6,26,  3.4,0, 19.1,25, 25.7,26, 91.1,26,  3.4,26,  4.9,26, 3.3,26,""
33013,2009-07-17,    0.0,0, 22.8,0,  2.5,0,  6.9,0,  4.2,0,  3.6,26,  4.2,0, 19.3,25, 24.9,26, 94.4,26,  3.6,26,  5.1,26, 3.3,26,""
33013,2009-07-18,    0.0,0, 23.9,0,  1.6,0,  7.1,0,  3.2,0,  3.6,26,  3.2,0, 18.9,25, 23.9,26,100.0,26,  3.6,26,  5.2,26, 3.3,26,""
33013,2009-07-19,    0.0,0, 26.6,0,  5.5,0, 10.9,0,  2.8,0,  3.6,26,  2.8,0, 18.6,25, 31.3,26,100.0,26,  3.6,26,  5.0,26, 3.5,26,""
33013,2009-07-20,    0.0,0, 26.7,0,  8.4,0, 13.7,0,  3.4,0,  3.4,26,  3.4,0, 16.6,25, 39.1,26,100.0,26,  3.3,26,  4.4,26, 3.2,26,""
33013,2009-07-21,    0.0,0, 26.2,0, 13.8,0, 14.6,0,  2.4,0,  2.8,26,  2.4,0, 10.0,25, 42.9,26, 92.6,26,  2.9,26,  4.1,26, 2.2,26,""
33013,2009-07-22,    0.0,0, 26.8,0, 11.8,0, 15.0,0,  3.2,0,  3.1,26,  3.2,0, 13.8,25, 42.6,26,100.0,26,  3.1,26,  4.2,26, 2.8,26,""
33013,2009-07-23,    0.0,0, 28.6,0,  9.2,0, 16.0,0,  3.0,0,  3.6,26,  3.0,0, 19.0,25, 40.9,26,100.0,26,  3.5,26,  4.6,26, 4.0,26,""
33013,2009-07-24,    0.0,0, 30.0,0, 10.5,0, 11.3,0,  4.6,0,  3.8,26,  4.6,0, 18.8,25, 26.6,26, 89.1,26,  4.3,26,  6.2,26, 3.9,26,""
33013,2009-07-25,    0.0,0, 26.9,0,  9.5,0, 13.7,0,  4.0,0,  3.5,26,  4.0,0, 18.2,25, 38.7,26,100.0,26,  3.5,26,  4.7,26, 3.7,26,""
33013,2009-07-26,    0.0,0, 27.9,0,  9.5,0, 13.8,0,  2.8,0,  3.3,26,  2.8,0, 15.6,25, 36.7,26,100.0,26,  3.5,26,  4.8,26, 3.1,26,""
33013,2009-07-27,    0.0,0, 28.5,0,  9.8,0, 15.3,0,  3.2,0,  3.6,26,  3.2,0, 18.8,25, 39.3,26,100.0,26,  3.6,26,  4.8,26, 4.0,26,""
33013,2009-07-28,    0.0,0, 26.5,0, 10.4,0, 14.0,0,  4.0,0,  3.5,26,  4.0,0, 18.9,25, 40.4,26,100.0,26,  3.5,26,  4.7,26, 3.9,26,""
33013,2009-07-29,    0.0,0, 26.6,0,  6.4,0,  9.7,0,  3.8,0,  3.6,26,  3.8,0, 17.8,25, 27.9,26,100.0,26,  3.8,26,  5.5,26, 3.3,26,""
33013,2009-07-30,    0.0,0, 26.1,0,  7.4,0, 11.1,0,  4.2,0,  3.7,26,  4.2,0, 19.8,25, 32.8,26,100.0,26,  3.8,26,  5.1,26, 3.9,26,""
33013,2009-07-31,    0.0,0, 26.9,0,  6.1,0, 10.6,0,  3.8,0,  3.7,26,  3.8,0, 19.1,25, 29.9,26,100.0,26,  3.9,26,  5.4,26, 3.7,26,""
33013,2009-08-01,    0.0,0, 26.3,0,  8.3,0, 11.2,0,  4.4,0,  4.4,26,  4.4,0, 19.6,25, 32.7,26,100.0,26,  3.8,26,  5.2,26, 3.9,26,""
33013,2009-08-02,    0.0,0, 26.0,0,  5.2,0,  9.5,0,  3.8,0,  4.4,26,  3.8,0, 19.4,25, 28.3,26,100.0,26,  3.9,26,  5.4,26, 3.6,26,""
33013,2009-08-03,    0.0,0, 26.5,0, 10.2,0, 12.9,0,  3.8,0,  4.0,26,  3.8,0, 15.8,25, 37.3,26,100.0,26,  3.5,26,  4.8,26, 3.2,26,""
33013,2009-08-04,    0.0,0, 26.6,0,  9.5,0, 13.1,0,  3.0,0,  4.2,26,  3.0,0, 17.8,25, 37.6,26,100.0,26,  3.6,26,  4.8,26, 3.6,26,""
33013,2009-08-05,    0.0,0, 27.2,0,  8.4,0, 12.9,0,  3.8,0,  4.4,26,  3.8,0, 20.0,25, 35.8,26,100.0,26,  3.8,26,  5.1,26, 4.1,26,""
33013,2009-08-06,    0.0,0, 27.8,0,  9.1,0, 11.7,0,  4.8,0,  4.5,26,  4.8,0, 19.0,25, 31.3,26,100.0,26,  4.0,26,  5.6,26, 3.8,26,""
33013,2009-08-07,    0.0,0, 28.1,0,  9.6,0, 13.9,0,  3.0,0,  4.4,26,  3.0,0, 19.6,25, 36.6,26,100.0,26,  3.9,26,  5.2,26, 4.1,26,""
33013,2009-08-08,    0.0,0, 28.5,0,  7.8,0, 10.7,0,  5.0,0,  4.7,26,  5.0,0, 20.6,25, 27.5,26,100.0,26,  4.4,26,  6.1,26, 4.2,26,""
33013,2009-08-09,    0.0,0, 27.1,0,  8.7,0, 11.4,0,  4.4,0,  4.4,26,  4.4,0, 19.0,25, 31.8,26,100.0,26,  4.0,26,  5.5,26, 3.8,26,""
33013,2009-08-10,    0.0,0, 27.8,0,  8.6,0, 12.7,0,  3.4,0,  4.2,26,  3.4,0, 16.7,25, 34.0,26,100.0,26,  3.8,26,  5.2,26, 3.4,26,""
33013,2009-08-11,    0.0,0, 30.0,0,  9.9,0, 14.4,0,  4.0,0,  4.6,26,  4.0,0, 19.8,25, 33.9,26,100.0,26,  4.2,26,  5.7,26, 4.3,26,""
33013,2009-08-12,    0.0,0, 30.9,0, 10.5,0, 15.8,0,  5.2,0,  4.7,26,  5.2,0, 20.1,25, 35.4,26,100.0,26,  4.3,26,  5.8,26, 4.4,26,""
33013,2009-08-13,    0.0,0, 31.9,0, 11.7,0, 18.3,0,  3.4,0,  4.7,26,  3.4,0, 20.7,25, 38.7,26,100.0,26,  4.4,26,  5.7,26, 4.8,26,""
33013,2009-08-14,    0.0,0, 32.0,0, 11.9,0, 16.5,0,  5.6,0,  4.9,26,  5.6,0, 21.0,25, 34.7,26,100.0,26,  4.6,26,  6.1,26, 4.8,26,""
33013,2009-08-15,    0.0,0, 33.4,0,  9.8,0,  8.9,0,  6.0,0,  5.6,26,  6.0,0, 21.6,25, 17.3,26, 73.5,26,  5.6,26,  8.1,26, 4.7,26,""
33013,2009-08-16,    0.0,0, 30.5,0, 12.6,0, 19.4,0,  4.2,0,  4.5,26,  4.2,0, 20.5,25, 44.4,26,100.0,26,  4.0,26,  5.1,26, 4.8,26,""
33013,2009-08-17,    0.0,0, 29.9,0, 11.6,0, 15.7,0,  3.8,0,  4.7,26,  3.8,0, 21.3,25, 37.2,26,100.0,26,  4.4,26,  5.7,26, 4.8,26,""
33013,2009-08-18,    0.0,0, 30.1,0, 12.1,0, 16.4,0,  4.0,0,  4.7,26,  4.0,0, 21.2,25, 38.4,26,100.0,26,  4.4,26,  5.7,26, 4.8,26,""
33013,2009-08-19,    0.0,0, 27.8,0, 10.4,0, 13.8,0,  4.4,0,  4.6,26,  4.4,0, 21.6,25, 36.9,26,100.0,26,  4.2,26,  5.5,26, 4.6,26,""
33013,2009-08-20,    0.0,0, 29.0,0,  9.9,0, 14.3,0,  4.6,0,  4.7,26,  4.6,0, 21.9,25, 35.7,26,100.0,26,  4.4,26,  5.7,26, 4.7,26,""
33013,2009-08-21,    0.0,0, 29.7,0, 11.8,0, 17.1,0,  4.0,0,  4.6,26,  4.0,0, 21.5,25, 41.0,26,100.0,26,  4.3,26,  5.4,26, 4.9,26,""
33013,2009-08-22,    0.0,0, 31.9,0, 14.6,0, 21.3,0,  4.6,0,  4.7,26,  4.6,0, 21.7,25, 45.1,26,100.0,26,  4.4,26,  5.5,26, 5.4,26,""
33013,2009-08-23,    0.0,0, 32.1,0, 13.6,0, 20.6,0,  5.0,0,  4.7,26,  5.0,0, 21.7,25, 43.1,26,100.0,26,  4.5,26,  5.6,26, 5.3,26,""
33013,2009-08-24,    0.0,0, 29.4,0, 13.0,0, 20.3,0,  5.4,0,  4.4,26,  5.4,0, 21.0,25, 49.5,26,100.0,26,  3.9,26,  4.7,26, 4.9,26,""
33013,2009-08-25,    0.0,0, 32.3,0, 17.2,0, 21.0,0,  4.2,0,  4.6,26,  4.2,0, 20.1,25, 43.4,26,100.0,26,  4.6,26,  5.8,26, 5.1,26,""
33013,2009-08-26,    0.0,0, 32.5,0, 17.2,0, 21.8,0,  5.0,0,  4.4,26,  5.0,0, 17.9,25, 44.6,26,100.0,26,  4.3,26,  5.5,26, 4.6,26,""
33013,2009-08-27,    0.0,0, 31.2,0, 20.0,0, 21.3,0,  5.2,0,  4.6,26,  5.2,0, 20.2,25, 46.9,26, 91.1,26,  4.6,26,  5.8,26, 5.2,26,""
33013,2009-08-28,    0.0,0, 31.5,0, 13.6,0, 20.3,0,  4.6,0,  4.7,26,  4.6,0, 22.4,25, 43.9,26,100.0,26,  4.5,26,  5.6,26, 5.4,26,""
33013,2009-08-29,    0.0,0, 31.8,0, 13.6,0, 20.0,0,  4.2,0,  4.8,26,  4.2,0, 22.2,25, 42.5,26,100.0,26,  4.6,26,  5.8,26, 5.4,26,""
33013,2009-08-30,    0.0,0, 33.5,0, 13.8,0, 21.0,0,  4.6,0,  5.0,26,  4.6,0, 22.6,25, 40.6,26,100.0,26,  4.9,26,  6.2,26, 5.7,26,""
33013,2009-08-31,    0.0,0, 33.5,0, 16.0,0, 21.3,0,  4.4,0,  4.9,26,  4.4,0, 21.4,25, 41.2,26,100.0,26,  4.9,26,  6.2,26, 5.4,26,""
33013,2009-09-01,    0.0,0, 28.9,0, 18.2,0, 21.2,0,  4.4,0,  4.4,26,  4.4,0, 15.8,25, 53.2,26,100.0,26,  3.6,26,  4.5,26, 4.0,26,""
33013,2009-09-02,    0.0,0, 32.0,0, 17.8,0, 22.2,0,  4.0,0,  4.4,26,  4.0,0, 13.6,25, 46.7,26,100.0,26,  3.7,26,  4.8,26, 3.8,26,""
33013,2009-09-03,    0.2,0, 29.5,0, 18.3,0, 19.6,0,  4.8,0,  5.1,26,  4.8,0, 19.9,25, 47.5,26, 93.2,26,  4.4,26,  5.5,26, 4.9,26,""
33013,2009-09-04,    0.0,0, 29.6,0, 12.6,0, 16.3,0,  4.2,0,  5.4,26,  4.2,0, 21.3,25, 39.3,26,100.0,26,  4.5,26,  5.8,26, 4.8,26,""
33013,2009-09-05,    0.0,0, 32.5,0, 15.6,0, 21.0,0,  4.6,0,  5.5,26,  4.6,0, 21.1,25, 42.9,26,100.0,26,  4.7,26,  5.9,26, 5.3,26,""
33013,2009-09-06,    0.0,0, 33.2,0, 16.5,0, 22.7,0,  4.6,0,  5.6,26,  4.6,0, 21.5,25, 44.6,26,100.0,26,  4.8,26,  5.9,26, 5.5,26,""
33013,2009-09-07,    0.0,0, 31.8,0, 18.1,0, 20.8,0,  5.0,0,  5.4,26,  5.0,0, 20.6,25, 44.2,26,100.0,26,  4.7,26,  6.0,26, 5.2,26,""
33013,2009-09-08,    0.0,0, 31.2,0, 19.2,0, 22.7,0,  4.4,0,  5.0,26,  4.4,0, 18.5,25, 50.0,26,100.0,26,  4.3,26,  5.3,26, 4.9,26,""
33013,2009-09-09,    0.0,0, 30.5,0, 10.4,0,  3.5,0,  5.6,0,  7.0,26,  5.6,0, 25.1,25,  8.0,26, 27.8,26,  6.2,26,  9.0,26, 5.1,26,""
33013,2009-09-10,    0.0,0, 31.6,0,  9.9,0, 11.7,0,  6.0,0,  6.5,26,  6.0,0, 24.8,25, 25.2,26, 96.0,26,  5.6,26,  7.6,26, 5.5,26,""
33013,2009-09-11,    0.0,0, 32.0,0, 11.5,0, 16.8,0,  5.4,0,  6.1,26,  5.4,0, 24.3,25, 35.3,26,100.0,26,  5.2,26,  6.7,26, 5.7,26,""
33013,2009-09-12,    0.0,0, 29.6,0, 12.6,0, 16.3,0,  6.0,0,  5.6,26,  6.0,0, 22.2,25, 39.3,26,100.0,26,  4.7,26,  5.9,26, 5.1,26,""
33013,2009-09-13,    0.0,0, 29.0,0, 14.8,0, 15.0,0,  6.2,0,  5.0,26,  6.2,0, 17.6,25, 37.5,26, 89.2,26,  4.4,26,  5.8,26, 4.1,26,""
33013,2009-09-14,    0.0,0, 31.1,0, 12.7,0, 16.8,0,  4.2,0,  5.9,26,  4.2,0, 23.3,25, 37.2,26,100.0,26,  5.0,26,  6.4,26, 5.4,26,""
33013,2009-09-15,    0.0,0, 30.9,0, 13.8,0, 21.0,0,  5.4,0,  5.7,26,  5.4,0, 24.0,25, 47.0,26,100.0,26,  4.7,26,  5.6,26, 5.9,26,""
33013,2009-09-16,    0.0,0, 30.7,0, 12.0,0, 17.3,0,  5.6,0,  5.9,26,  5.6,0, 24.5,25, 39.2,26,100.0,26,  5.0,26,  6.3,26, 5.7,26,""
33013,2009-09-17,    0.0,0, 32.0,0, 12.8,0, 17.5,0,  5.6,0,  5.8,26,  5.6,0, 21.8,25, 36.8,26,100.0,26,  5.0,26,  6.4,26, 5.2,26,""
33013,2009-09-18,    0.0,0, 31.5,0, 16.2,0, 14.0,0,  5.4,0,  6.5,26,  5.4,0, 25.3,25, 30.3,26, 76.1,26,  5.8,26,  7.7,26, 6.1,26,""
33013,2009-09-19,    0.0,0, 32.0,0, 12.6,0, 16.3,0,  6.0,0,  6.2,26,  6.0,0, 24.7,25, 34.3,26,100.0,26,  5.4,26,  7.0,26, 5.8,26,""
33013,2009-09-20,    0.0,0, 33.8,0, 13.3,0, 18.7,0,  5.8,0,  6.4,26,  5.8,0, 24.8,25, 35.5,26,100.0,26,  5.6,26,  7.1,26, 6.1,26,""
33013,2009-09-21,    0.0,0, 33.8,0, 15.6,0, 19.9,0,  6.4,0,  6.3,26,  6.4,0, 25.0,25, 37.8,26,100.0,26,  5.7,26,  7.1,26, 6.3,26,""
33013,2009-09-22,    0.0,0, 31.1,0, 14.3,0, 19.4,0,  6.0,0,  5.8,26,  6.0,0, 23.9,25, 42.9,26,100.0,26,  5.0,26,  6.1,26, 5.8,26,""
33013,2009-09-23,    0.0,0, 35.4,0, 19.5,0, 22.0,0,  7.4,0,  6.3,26,  7.4,0, 23.3,25, 38.3,26, 97.1,26,  5.8,26,  7.4,26, 6.3,26,""
33013,2009-09-24,    0.0,0, 32.0,0, 12.9,0,  5.8,0,  7.6,0,  7.1,26,  7.6,0, 25.6,25, 12.2,26, 39.0,26,  6.5,26,  9.2,26, 5.6,26,""
33013,2009-09-25,    0.0,0, 32.0,0,  9.8,0, 12.9,0,  6.8,0,  6.6,26,  6.8,0, 25.9,25, 27.1,26,100.0,26,  5.8,26,  7.7,26, 5.8,26,""
33013,2009-09-26,    0.0,0, 34.0,0, 12.5,0, 15.9,0,  5.8,0,  6.6,26,  5.8,0, 24.9,25, 29.9,26,100.0,26,  5.9,26,  7.7,26, 6.0,26,""
33013,2009-09-27,    0.0,0, 32.2,0, 14.7,0,  5.7,0,  6.4,0,  7.3,26,  6.4,0, 26.0,25, 11.9,26, 34.1,26,  6.6,26,  9.4,26, 5.8,26,""
33013,2009-09-28,    0.0,0, 32.0,0,  9.7,0,  5.9,0,  5.4,0,  7.2,26,  5.4,0, 26.4,25, 12.4,26, 49.1,26,  6.5,26,  9.2,26, 5.6,26,""
33013,2009-09-29,    0.0,0, 32.9,0, 12.9,0, 15.8,0,  5.8,0,  6.6,26,  5.8,0, 26.4,25, 31.6,26,100.0,26,  5.9,26,  7.6,26, 6.3,26,""
33013,2009-09-30,    0.0,0, 32.5,0, 15.5,0, 17.3,0,  7.4,0,  6.5,26,  7.4,0, 25.9,25, 35.4,26, 98.3,26,  5.8,26,  7.4,26, 6.4,26,""
33013,2009-10-01,    0.0,0, 32.7,0, 18.0,0, 13.0,0,  6.4,0,  7.1,26,  6.4,0, 26.8,25, 26.3,26, 63.0,26,  6.5,26,  8.6,26, 6.6,26,""
33013,2009-10-02,    0.0,0, 34.0,0, 16.0,0, 19.7,0,  6.2,0,  6.8,26,  6.2,0, 26.1,25, 37.0,26,100.0,26,  6.0,26,  7.5,26, 6.7,26,""
33013,2009-10-03,    0.0,0, 36.0,0, 19.5,0, 21.4,0,  6.0,0,  6.9,26,  6.0,0, 25.1,25, 36.0,26, 94.5,26,  6.3,26,  8.0,26, 6.8,26,""
33013,2009-10-04,    0.0,0, 34.7,0, 17.6,0,  9.5,0,  7.4,0,  7.5,26,  7.4,0, 26.6,25, 17.2,26, 47.2,26,  7.0,26,  9.6,26, 6.4,26,""
33013,2009-10-05,    0.0,0, 34.9,0, 13.5,0,  6.0,0,  7.6,0,  7.7,26,  7.6,0, 27.1,25, 10.7,26, 38.8,26,  7.2,26, 10.2,26, 6.1,26,""
33013,2009-10-06,    0.0,0, 33.8,0, 12.9,0, 19.4,0,  8.4,0,  6.5,26,  8.4,0, 24.6,25, 36.9,26,100.0,26,  5.6,26,  7.0,26, 6.0,26,""
33013,2009-10-07,    0.0,0, 31.0,0, 18.6,0, 20.3,0,  6.2,0,  6.0,26,  6.2,0, 22.5,25, 45.2,26, 94.8,26,  5.1,26,  6.4,26, 5.7,26,""
33013,2009-10-08,    0.0,0, 32.6,0, 17.0,0, 21.0,0,  5.8,0,  6.3,26,  5.8,0, 24.1,25, 42.7,26,100.0,26,  5.4,26,  6.7,26, 6.2,26,""
33013,2009-10-09,    0.0,0, 32.0,0, 14.6,0, 17.7,0,  5.6,0,  6.7,26,  5.6,0, 26.2,25, 37.2,26,100.0,26,  5.7,26,  7.2,26, 6.4,26,""
33013,2009-10-10,    0.0,0, 32.1,0, 14.5,0, 15.4,0,  5.4,0,  6.7,26,  5.4,0, 25.3,25, 32.2,26, 93.3,26,  5.9,26,  7.6,26, 6.0,26,""
33013,2009-10-11,    0.0,0, 32.0,0, 14.2,0, 16.8,0,  6.4,0,  6.5,26,  6.4,0, 24.3,25, 35.3,26,100.0,26,  5.6,26,  7.1,26, 5.8,26,""
33013,2009-10-12,    0.0,0, 33.3,0, 18.7,0, 18.2,0,  9.0,0,  6.9,26,  9.0,0, 26.4,25, 35.6,26, 84.4,26,  6.3,26,  7.9,26, 6.8,26,""
33013,2009-10-13,    0.0,0, 34.1,0, 18.5,0, 20.6,0,  8.0,0,  6.8,26,  8.0,0, 26.3,25, 38.5,26, 96.8,26,  6.2,26,  7.7,26, 6.9,26,""
33013,2009-10-14,    0.0,0, 36.3,0, 20.4,0, 22.5,0,  7.0,0,  6.8,26,  7.0,0, 24.3,25, 37.2,26, 93.9,26,  6.3,26,  8.0,26, 6.7,26,""
33013,2009-10-15,    0.0,0, 36.6,0, 15.4,0, 17.2,0,  7.8,0,  7.5,26,  7.8,0, 27.9,25, 28.0,26, 98.4,26,  6.9,26,  9.0,26, 7.1,26,""
33013,2009-10-16,    0.0,0, 35.8,0, 13.2,0, 12.3,0,  8.4,0,  7.5,26,  8.4,0, 27.5,25, 20.9,26, 81.1,26,  7.0,26,  9.5,26, 6.6,26,""
33013,2009-10-17,    0.0,0, 35.4,0, 14.1,0,  8.0,0,  7.2,0,  7.8,26,  7.2,0, 28.3,25, 13.9,26, 49.8,26,  7.4,26, 10.2,26, 6.6,26,""
33013,2009-10-18,    0.0,0, 33.4,0, 16.8,0, 19.9,0,  5.8,0,  6.6,26,  5.8,0, 24.8,25, 38.7,26,100.0,26,  5.8,26,  7.3,26, 6.3,26,""
33013,2009-10-19,    0.6,0, 31.4,0, 17.9,0, 19.3,0,  8.2,0,  6.3,26,  8.2,0, 24.2,25, 42.0,26, 94.2,26,  5.5,26,  6.9,26, 6.1,26,""
33013,2009-10-20,    0.0,0, 30.9,0, 18.1,0, 13.4,0,  7.0,0,  7.0,26,  7.0,0, 27.3,25, 30.0,26, 64.6,26,  6.4,26,  8.3,26, 6.6,26,""
33013,2009-10-21,    0.0,0, 31.6,0, 13.9,0, 14.6,0,  8.0,0,  6.9,26,  8.0,0, 27.3,25, 31.4,26, 92.0,26,  6.1,26,  7.8,26, 6.4,26,""
33013,2009-10-22,    0.0,0, 31.6,0, 14.1,0, 16.6,0,  7.8,0,  6.9,26,  7.8,0, 27.8,25, 35.7,26,100.0,26,  6.0,26,  7.5,26, 6.7,26,""
33013,2009-10-23,    0.0,0, 31.4,0, 13.9,0, 17.3,0,  7.6,0,  6.6,26,  7.6,0, 26.2,25, 37.6,26,100.0,26,  5.7,26,  7.1,26, 6.3,26,""
33013,2009-10-24,    0.0,0, 34.0,0, 14.6,0, 17.7,0,  8.2,0,  7.2,26,  8.2,0, 28.4,25, 33.3,26,100.0,26,  6.5,26,  8.2,26, 7.1,26,""
33013,2009-10-25,    0.0,0, 35.0,0, 14.7,0, 20.3,0,  8.6,0,  7.0,26,  8.6,0, 27.2,25, 36.1,26,100.0,26,  6.3,26,  7.8,26, 6.9,26,""
33013,2009-10-26,    0.0,0, 35.6,0, 19.1,0, 17.6,0,  8.2,0,  7.3,26,  8.2,0, 27.4,25, 30.3,26, 79.6,26,  6.9,26,  8.9,26, 7.2,26,""
33013,2009-10-27,    0.0,0, 31.2,0, 19.4,0, 20.4,0,  6.4,0,  5.4,26,  6.4,0, 17.7,25, 44.9,26, 90.6,26,  4.7,26,  6.0,26, 4.8,26,""
33013,2009-10-28,    0.0,0, 31.9,0, 19.7,0, 20.0,0,  7.4,0,  5.7,26,  7.4,0, 19.5,25, 42.3,26, 87.2,26,  5.1,26,  6.5,26, 5.2,26,""
33013,2009-10-29,    0.0,0, 31.2,0, 21.1,0, 19.1,0,  8.0,0,  5.7,26,  8.0,0, 19.0,25, 42.0,26, 76.4,26,  5.1,26,  6.6,26, 5.2,26,""
33013,2009-10-30,    0.0,0, 31.2,0, 17.8,0, 18.8,0,  6.2,0,  6.3,26,  6.2,0, 24.0,25, 41.4,26, 92.3,26,  5.6,26,  6.9,26, 6.0,26,""
33013,2009-10-31,    0.0,0, 30.4,0, 16.2,0, 18.8,0,  6.4,0,  6.1,26,  6.4,0, 23.1,25, 43.3,26,100.0,26,  5.2,26,  6.4,26, 5.7,26,""
33013,2009-11-01,    0.0,0, 32.4,0, 15.5,0, 17.8,0,  7.0,0,  6.8,26,  7.0,0, 24.9,25, 36.6,26,100.0,26,  5.8,26,  7.3,26, 6.1,26,""
33013,2009-11-02,    0.0,0, 32.0,0, 16.0,0, 16.4,0,  7.2,0,  7.3,26,  7.2,0, 27.6,25, 34.5,26, 90.3,26,  6.3,26,  7.9,26, 6.7,26,""
33013,2009-11-03,    0.0,0, 32.9,0, 13.3,0, 15.6,0,  7.8,0,  7.6,26,  7.8,0, 28.6,25, 31.2,26,100.0,26,  6.4,26,  8.2,26, 6.8,26,""
33013,2009-11-04,    0.0,0, 34.0,0, 12.8,0, 16.4,0,  8.2,0,  7.8,26,  8.2,0, 28.7,25, 30.8,26,100.0,26,  6.6,26,  8.3,26, 6.9,26,""
33013,2009-11-05,    0.0,0, 35.0,0, 15.0,0, 19.0,0,  7.4,0,  7.5,26,  7.4,0, 26.9,25, 33.8,26,100.0,26,  6.4,26,  8.1,26, 6.8,26,""
33013,2009-11-06,    0.0,0, 32.6,0, 16.8,0, 19.5,0,  6.4,0,  6.8,26,  6.4,0, 25.1,25, 39.6,26,100.0,26,  5.8,26,  7.2,26, 6.3,26,""
33013,2009-11-07,    0.0,0, 32.5,0, 19.2,0, 21.6,0,  7.0,0,  5.7,26,  7.0,0, 18.5,25, 44.2,26, 97.1,26,  4.9,26,  6.2,26, 5.1,26,""
33013,2009-11-08,    0.0,0, 32.1,0, 18.7,0, 21.4,0,  5.2,0,  6.0,26,  5.2,0, 21.0,25, 44.8,26, 99.3,26,  5.1,26,  6.4,26, 5.6,26,""
33013,2009-11-09,    0.0,0, 31.2,0, 20.8,0, 21.8,0,  4.8,0,  4.8,26,  4.8,0, 13.8,25, 48.0,26, 88.8,26,  4.1,26,  5.4,26, 4.2,26,""
33013,2009-11-10,    0.8,0, 26.0,0, 18.0,0, 21.4,0, 11.0,0,  3.8,26, 11.0,0, 12.2,25, 63.7,26,100.0,26,  2.9,26,  3.5,26, 3.5,26,""
33013,2009-11-11,    6.6,0, 30.0,0, 18.0,0, 20.5,0,  6.4,0,  4.6,26,  6.4,0, 13.7,25, 48.3,26, 99.4,26,  3.8,26,  4.9,26, 3.9,26,""
33013,2009-11-12,    1.4,0, 31.0,0, 16.6,0, 19.6,0,  6.0,0,  6.1,26,  6.0,0, 22.1,25, 43.6,26,100.0,26,  5.1,26,  6.3,26, 5.6,26,""
33013,2009-11-13,    0.0,0, 34.0,0, 15.7,0, 19.1,0,  8.0,0,  7.4,26,  8.0,0, 27.5,25, 35.9,26,100.0,26,  6.4,26,  7.9,26, 6.9,26,""
33013,2009-11-14,    0.0,0, 33.7,0, 15.6,0, 19.5,0,  6.0,0,  7.1,26,  6.0,0, 26.2,25, 37.3,26,100.0,26,  6.1,26,  7.6,26, 6.6,26,""
33013,2009-11-15,    0.0,0, 33.3,0, 16.5,0, 22.8,0,  6.2,0,  6.9,26,  6.2,0, 27.0,25, 44.6,26,100.0,26,  5.9,26,  7.0,26, 7.0,26,""
33013,2009-11-16,    0.0,0, 35.8,0, 16.4,0, 21.8,0,  7.2,0,  7.7,26,  7.2,0, 28.3,25, 37.1,26,100.0,26,  6.7,26,  8.2,26, 7.4,26,""
33013,2009-11-17,    0.0,0, 36.6,0, 18.1,0, 21.3,0,  8.0,0,  7.9,26,  8.0,0, 28.3,25, 34.7,26,100.0,26,  7.0,26,  8.7,26, 7.6,26,""
33013,2009-11-18,    0.0,0, 37.0,0, 18.4,0, 23.4,0,  7.4,0,  7.9,26,  7.4,0, 28.8,25, 37.3,26,100.0,26,  7.0,26,  8.6,26, 7.9,26,""
33013,2009-11-19,    0.0,0, 36.0,0, 18.4,0, 22.2,0,  7.6,0,  7.8,26,  7.6,0, 29.1,25, 37.4,26,100.0,26,  6.9,26,  8.5,26, 7.8,26,""
33013,2009-11-20,    0.0,0, 36.0,0, 19.4,0, 25.2,0,  7.6,0,  7.3,26,  7.6,0, 27.1,25, 42.4,26,100.0,26,  6.5,26,  7.8,26, 7.5,26,""
33013,2009-11-21,    0.0,0, 36.0,0, 20.0,0, 24.6,0,  7.6,0,  7.5,26,  7.6,0, 27.8,25, 41.4,26,100.0,26,  6.7,26,  8.1,26, 7.7,26,""
33013,2009-11-22,    0.0,0, 36.1,0, 18.6,0, 24.0,0,  9.0,0,  7.6,26,  9.0,0, 28.2,25, 40.2,26,100.0,26,  6.7,26,  8.1,26, 7.7,26,""
33013,2009-11-23,    0.0,0, 35.0,0, 22.1,0, 24.3,0,  7.8,0,  7.3,26,  7.8,0, 27.0,25, 43.2,26, 91.4,26,  6.6,26,  8.0,26, 7.5,26,""
33013,2009-11-24,    0.0,0, 33.9,0, 20.2,0, 21.8,0,  8.0,0,  7.0,26,  8.0,0, 25.6,25, 41.2,26, 92.1,26,  6.2,26,  7.7,26, 6.9,26,""
33013,2009-11-25,    0.0,0, 34.1,0, 21.2,0, 22.2,0,  9.0,0,  7.0,26,  9.0,0, 25.0,25, 41.5,26, 88.2,26,  6.2,26,  7.7,26, 6.8,26,""
33013,2009-11-26,    0.0,0, 36.6,0, 20.9,0, 22.7,0,  9.8,0,  7.5,26,  9.8,0, 25.5,25, 37.0,26, 91.9,26,  6.7,26,  8.4,26, 7.1,26,""
33013,2009-11-27,    0.0,0, 36.1,0, 20.5,0, 23.4,0,  7.0,0,  6.9,26,  7.0,0, 22.9,25, 39.2,26, 97.1,26,  6.1,26,  7.7,26, 6.5,26,""
33013,2009-11-28,    0.0,0, 37.9,0, 21.5,0, 21.8,0,  8.2,0,  7.9,26,  8.2,0, 26.2,25, 33.1,26, 85.0,26,  7.1,26,  9.1,26, 7.4,26,""
33013,2009-11-29,    0.0,0, 38.2,0, 22.5,0, 23.4,0,  8.2,0,  7.9,26,  8.2,0, 26.2,25, 34.9,26, 85.9,26,  7.1,26,  9.0,26, 7.5,26,""
33013,2009-11-30,    1.0,0, 38.3,0, 20.9,0, 26.4,0,  8.4,0,  8.1,26,  8.4,0, 29.1,25, 39.2,26,100.0,26,  7.3,26,  8.9,26, 8.4,26,""
33013,2009-12-01,    0.0,0, 38.3,0, 20.9,0, 20.8,0,  8.6,0,  9.1,26,  8.6,0, 29.9,25, 30.9,26, 84.2,26,  7.8,26,  9.8,26, 8.3,26,""
33013,2009-12-02,    0.0,0, 37.5,0, 23.7,0, 26.1,0,  9.4,0,  8.0,26,  9.4,0, 27.2,25, 40.5,26, 89.1,26,  7.1,26,  8.7,26, 8.0,26,""
33013,2009-12-03,    0.0,0, 36.0,0, 23.8,0, 20.8,0,  7.4,0,  8.0,26,  7.4,0, 25.4,25, 35.0,26, 70.6,26,  6.9,26,  8.8,26, 7.1,26,""
33013,2009-12-04,    0.0,0, 35.5,0, 23.3,0, 20.9,0,  7.6,0,  7.7,26,  7.6,0, 24.7,25, 36.2,26, 73.1,26,  6.7,26,  8.5,26, 6.9,26,""
33013,2009-12-05,    0.0,0, 36.6,0, 17.3,0, 19.5,0,  9.2,0,  8.6,26,  9.2,0, 29.6,25, 31.8,26, 98.8,26,  7.3,26,  9.2,26, 7.7,26,""
33013,2009-12-06,    0.0,0, 36.5,0, 14.3,0, 18.0,0,  8.2,0,  8.4,26,  8.2,0, 27.9,25, 29.5,26,100.0,26,  7.0,26,  8.9,26, 7.0,26,""
33013,2009-12-07,    0.0,0, 37.0,0, 20.4,0, 20.8,0,  9.2,0,  8.6,26,  9.2,0, 29.2,25, 33.1,26, 86.8,26,  7.4,26,  9.3,26, 7.9,26,""
33013,2009-12-08,    0.0,0, 37.3,0, 17.9,0, 19.6,0, 10.4,0,  8.7,26, 10.4,0, 29.2,25, 30.7,26, 95.6,26,  7.4,26,  9.4,26, 7.7,26,""
33013,2009-12-09,    0.0,0, 38.0,0, 18.0,0, 18.9,0, 10.2,0,  9.1,26, 10.2,0, 29.8,25, 28.5,26, 91.6,26,  7.7,26,  9.8,26, 7.9,26,""
33013,2009-12-10,    0.0,0, 37.4,0, 23.5,0, 23.2,0,  8.2,0,  8.4,26,  8.2,0, 27.7,25, 36.2,26, 80.2,26,  7.3,26,  9.2,26, 7.9,26,""
33013,2009-12-11,    0.0,0, 37.4,0, 22.9,0, 24.3,0,  8.2,0,  8.0,26,  8.2,0, 26.0,25, 37.9,26, 87.1,26,  6.9,26,  8.7,26, 7.5,26,""
33013,2009-12-12,    0.0,0, 37.5,0, 20.6,0, 21.7,0,  9.2,0,  8.4,26,  9.2,0, 27.5,25, 33.6,26, 89.5,26,  7.2,26,  9.1,26, 7.6,26,""
33013,2009-12-13,    0.0,0, 35.6,0, 20.0,0, 21.4,0,  7.8,0,  7.8,26,  7.8,0, 26.9,25, 36.8,26, 91.6,26,  6.8,26,  8.4,26, 7.3,26,""
33013,2009-12-14,    0.0,0, 35.5,0, 19.9,0, 20.9,0,  7.0,0,  7.3,26,  7.0,0, 22.7,25, 36.2,26, 90.0,26,  6.2,26,  7.9,26, 6.2,26,""
33013,2009-12-15,    0.0,0, 33.6,0, 23.4,0, 21.0,0,  7.2,0,  6.4,26,  7.2,0, 18.4,25, 40.4,26, 73.0,26,  5.5,26,  7.1,26, 5.4,26,""
33013,2009-12-16,    0.0,0, 34.1,0, 21.3,0, 21.7,0,  9.0,0,  7.4,26,  9.0,0, 26.3,25, 40.6,26, 85.7,26,  6.5,26,  8.0,26, 7.1,26,""
33013,2009-12-17,    0.0,0, 34.6,0, 20.3,0, 18.5,0,  8.6,0,  7.8,26,  8.6,0, 26.3,25, 33.6,26, 77.7,26,  6.7,26,  8.6,26, 6.9,26,""
33013,2009-12-18,    0.0,0, 36.2,0, 18.2,0, 20.4,0,  7.8,0,  8.0,26,  7.8,0, 26.4,25, 34.0,26, 97.7,26,  6.7,26,  8.5,26, 7.0,26,""
33013,2009-12-19,    0.0,0, 36.0,0, 21.1,0, 23.8,0,  7.8,0,  7.3,26,  7.8,0, 23.8,25, 40.1,26, 95.2,26,  6.3,26,  7.8,26, 6.7,26,""
33013,2009-12-20,    0.0,0, 36.0,0, 23.3,0, 23.8,0,  7.0,0,  7.0,26,  7.0,0, 20.8,25, 40.1,26, 83.2,26,  6.0,26,  7.6,26, 6.2,26,""
33013,2009-12-21,    0.0,0, 35.9,0, 24.0,0, 23.8,0,  6.2,0,  7.3,26,  6.2,0, 22.7,25, 40.3,26, 79.8,26,  6.3,26,  8.0,26, 6.7,26,""
33013,2009-12-22,    0.0,0, 36.0,0, 22.3,0, 25.0,0,  6.6,0,  7.2,26,  6.6,0, 23.8,25, 42.1,26, 92.9,26,  6.3,26,  7.7,26, 6.9,26,""
33013,2009-12-23,    3.8,0, 37.4,0, 21.4,0, 25.6,0,  6.8,0,  7.8,26,  6.8,0, 25.8,25, 39.9,26,100.0,26,  6.7,26,  8.3,26, 7.4,26,""
33013,2009-12-24,    0.0,0, 36.5,0, 23.0,0, 27.6,0,  6.4,0,  7.2,26,  6.4,0, 24.7,25, 45.2,26, 98.3,26,  6.3,26,  7.7,26, 7.3,26,""
33013,2009-12-25,    0.0,0, 34.2,0, 22.0,0, 23.2,0,  7.0,0,  6.4,26,  7.0,0, 19.5,25, 43.1,26, 87.8,26,  5.4,26,  6.9,26, 5.7,26,""
33013,2009-12-26,    0.0,0, 37.4,0, 23.3,0, 22.8,0,  8.2,0,  7.8,26,  8.2,0, 23.4,25, 35.5,26, 79.7,26,  6.7,26,  8.5,26, 6.9,26,""
33013,2009-12-27,    0.0,0, 37.2,0, 23.0,0, 24.9,0,  8.0,0,  7.5,26,  8.0,0, 22.8,25, 39.2,26, 88.7,26,  6.4,26,  8.0,26, 6.8,26,""
33013,2009-12-28,    0.0,0, 35.0,0, 23.3,0, 24.1,0,  7.0,0,  6.8,26,  7.0,0, 21.7,25, 42.9,26, 84.3,26,  5.9,26,  7.4,26, 6.4,26,""
33013,2009-12-29,    0.0,0, 36.0,0, 22.2,0, 25.3,0,  3.8,0,  6.7,26,  3.8,0, 20.6,25, 42.6,26, 94.6,26,  5.7,26,  7.2,26, 6.2,26,""
33013,2009-12-30,    0.4,0, 34.4,0, 23.2,0, 26.6,0,  6.8,0,  5.6,26,  6.8,0, 16.3,25, 48.9,26, 93.6,26,  4.7,26,  6.0,26, 5.3,26,""
33013,2009-12-31,    0.0,0, 30.2,0, 24.2,0, 25.5,0,  5.4,0,  3.7,26,  5.4,0,  7.5,25, 59.4,26, 84.5,26,  2.9,26,  3.9,26, 2.6,26,""
33013,2010-01-01,    0.0,0, 30.1,0, 23.2,0, 25.5,0,  4.0,0,  3.7,26,  4.0,0,  7.6,25, 59.8,26, 89.7,26,  2.8,26,  3.8,26, 2.6,26,""
33013,2010-01-02,    5.0,0, 32.6,0, 23.6,0, 26.4,0,  4.8,0,  5.2,26,  4.8,0, 14.9,25, 53.7,26, 90.7,26,  4.3,26,  5.4,26, 4.8,26,""
33013,2010-01-03,    1.0,0, 34.6,0, 24.1,0, 26.8,0,  6.2,0,  6.5,26,  6.2,0, 21.2,25, 48.7,26, 89.3,26,  5.6,26,  6.9,26, 6.4,26,""
33013,2010-01-04,    2.0,0, 35.0,0, 23.6,0, 25.0,0,  6.0,0,  7.2,26,  6.0,0, 23.8,25, 44.5,26, 85.9,26,  6.2,26,  7.6,26, 6.9,26,""
33013,2010-01-05,    0.0,0, 32.3,0, 22.8,0, 25.2,0,  6.6,0,  5.0,26,  6.6,0, 13.6,25, 52.1,26, 90.8,26,  4.1,26,  5.2,26, 4.4,26,""
33013,2010-01-06,    2.2,0, 33.2,0, 22.5,0, 25.2,0,  3.8,0,  6.3,26,  3.8,0, 21.9,25, 49.5,26, 92.5,26,  5.5,26,  6.7,26, 6.3,26,""
33013,2010-01-07,    0.0,0, 34.2,0, 22.8,0, 25.0,0,  4.0,0,  6.1,26,  4.0,0, 17.8,25, 46.5,26, 90.1,26,  5.1,26,  6.4,26, 5.5,26,""
33013,2010-01-08,    0.0,0, 31.9,0, 23.4,0, 24.7,0,  3.4,0,  4.3,26,  3.4,0,  8.1,25, 52.2,26, 85.9,26,  3.3,26,  4.5,26, 2.9,26,""
33013,2010-01-09,    2.8,0, 31.2,0, 22.4,0, 27.6,0,  4.6,0,  4.5,26,  4.6,0, 13.9,25, 60.7,26,100.0,26,  3.6,26,  4.4,26, 4.3,26,""
33013,2010-01-10,    0.4,0, 34.0,0, 19.6,0, 22.8,0,  6.4,0,  7.3,26,  6.4,0, 26.3,25, 42.9,26,100.0,26,  6.2,26,  7.6,26, 7.0,26,""
33013,2010-01-11,    0.0,0, 34.9,0, 18.1,0, 21.0,0,  8.8,0,  7.8,26,  8.8,0, 27.1,25, 37.6,26,100.0,26,  6.5,26,  8.1,26, 7.1,26,""
33013,2010-01-12,    0.0,0, 34.4,0, 19.6,0, 22.1,0,  8.8,0,  7.0,26,  8.8,0, 22.7,25, 40.6,26, 96.9,26,  5.8,26,  7.3,26, 6.2,26,""
33013,2010-01-13,    0.0,0, 35.2,0, 19.5,0, 21.4,0,  7.4,0,  7.7,26,  7.4,0, 25.3,25, 37.6,26, 94.5,26,  6.4,26,  8.0,26, 6.8,26,""
33013,2010-01-14,    0.0,0, 36.0,0, 18.9,0, 21.3,0,  7.0,0,  8.2,26,  7.0,0, 27.5,25, 35.8,26, 97.6,26,  6.8,26,  8.5,26, 7.4,26,""
33013,2010-01-15,    0.0,0, 34.2,0, 21.1,0, 20.9,0,  6.8,0,  7.0,26,  6.8,0, 21.3,25, 38.9,26, 83.6,26,  5.8,26,  7.4,26, 5.9,26,""
33013,2010-01-16,    0.2,0, 35.0,0, 22.0,0, 23.7,0,  5.2,0,  7.1,26,  5.2,0, 22.8,25, 42.1,26, 89.7,26,  6.0,26,  7.5,26, 6.5,26,""
33013,2010-01-17,    0.0,0, 38.6,0, 21.4,0, 25.0,0,  7.8,0,  8.5,26,  7.8,0, 26.1,25, 36.5,26, 98.1,26,  7.0,26,  8.7,26, 7.6,26,""
33013,2010-01-18,    0.0,0, 40.8,0, 23.4,0, 24.7,0,  8.6,0,  8.9,26,  8.6,0, 22.4,25, 32.1,26, 85.9,26,  7.0,26,  9.1,26, 7.0,26,""
33013,2010-01-19,    3.2,0, 40.0,0, 25.6,0, 26.9,0,  7.2,0,  8.7,26,  7.2,0, 24.2,25, 36.5,26, 82.0,26,  7.1,26,  9.0,26, 7.6,26,""
33013,2010-01-20,    0.0,0, 38.2,0, 25.9,0, 26.1,0,  7.2,0,  7.8,26,  7.2,0, 21.3,25, 39.0,26, 78.1,26,  6.4,26,  8.2,26, 6.8,26,""
33013,2010-01-21,    0.0,0, 36.7,0, 22.3,0, 25.8,0,  8.4,0,  7.4,26,  8.4,0, 22.7,25, 41.8,26, 95.9,26,  6.1,26,  7.6,26, 6.7,26,""
33013,2010-01-22,    0.0,0, 34.2,0, 21.0,0, 21.7,0,  7.4,0,  6.7,26,  7.4,0, 19.7,25, 40.3,26, 87.3,26,  5.5,26,  7.0,26, 5.6,26,""
33013,2010-01-23,    0.0,0, 33.8,0, 22.9,0, 24.1,0,  6.8,0,  6.1,26,  6.8,0, 18.0,25, 45.8,26, 86.3,26,  5.1,26,  6.5,26, 5.5,26,""
33013,2010-01-24,    1.2,0, 32.2,0, 25.2,0, 32.6,0,  4.6,0,  4.3,26,  4.6,0, 14.1,25, 67.8,26,100.0,26,  3.6,26,  4.2,26, 4.4,26,""
33013,2010-01-25,    5.8,0, 30.6,0, 24.8,0, 29.7,0,  2.4,0,  3.4,26,  2.4,0,  7.4,25, 67.6,26, 94.9,26,  2.5,26,  3.2,26, 2.4,26,""
33013,2010-01-26,    3.4,0, 30.0,0, 24.5,0, 27.4,0,  1.6,0,  3.5,26,  1.6,0,  7.1,25, 64.6,26, 89.1,26,  2.6,26,  3.5,26, 2.4,26,""
33013,2010-01-27,    5.4,0, 31.2,0, 23.9,0, 27.8,0,  5.2,0,  3.9,26,  5.2,0,  8.7,25, 61.2,26, 93.8,26,  3.0,26,  3.8,26, 2.9,26,""
33013,2010-01-28,    0.4,0, 31.8,0, 24.0,0, 23.7,0,  6.4,0,  4.5,26,  6.4,0,  8.5,25, 50.4,26, 79.5,26,  3.5,26,  4.8,26, 3.1,26,""
33013,2010-01-29,    0.0,0, 29.4,0, 21.8,0, 24.4,0,  1.6,0,  4.3,26,  1.6,0, 13.1,25, 59.5,26, 93.5,26,  3.5,26,  4.4,26, 4.1,26,""
33013,2010-01-30,   11.4,0, 29.4,0, 22.0,0, 23.5,0,  4.6,0,  4.1,26,  4.6,0, 10.2,25, 57.3,26, 88.9,26,  3.2,26,  4.2,26, 3.3,26,""
33013,2010-01-31,   45.4,0, 32.0,0, 23.3,0, 30.7,0,  3.6,0,  4.0,26,  3.6,0, 11.4,25, 64.6,26,100.0,26,  3.1,26,  3.7,26, 3.5,26,""
33013,2010-02-01,   14.2,0, 32.4,0, 22.5,0, 23.5,0,  5.8,0,  6.1,26,  5.8,0, 20.7,25, 48.3,26, 86.3,26,  5.3,26,  6.5,26, 5.9,26,""
33013,2010-02-02,    0.2,0, 33.8,0, 22.3,0, 24.0,0,  5.2,0,  6.3,26,  5.2,0, 19.5,25, 45.6,26, 89.2,26,  5.3,26,  6.6,26, 5.7,26,""
33013,2010-02-03,    0.0,0, 36.1,0, 22.0,0, 22.1,0,  8.2,0,  8.0,26,  8.2,0, 25.9,25, 37.0,26, 83.6,26,  6.7,26,  8.5,26, 7.2,26,""
33013,2010-02-04,    0.0,0, 37.6,0, 24.4,0, 28.3,0,  5.2,0,  7.6,26,  5.2,0, 24.4,25, 43.6,26, 92.6,26,  6.5,26,  8.0,26, 7.5,26,""
33013,2010-02-05,   41.4,0, 35.4,0, 22.8,0, 29.1,0, 10.6,0,  6.5,26, 10.6,0, 23.2,25, 50.6,26,100.0,26,  5.7,26,  6.8,26, 7.0,26,""
33013,2010-02-06,   43.4,0, 35.0,0, 23.2,0, 28.8,0,  5.0,0,  6.4,26,  5.0,0, 22.8,25, 51.2,26,100.0,26,  5.6,26,  6.7,26, 6.9,26,""
33013,2010-02-07,    0.6,0, 33.5,0, 24.5,0, 28.6,0,  5.2,0,  6.0,26,  5.2,0, 22.5,25, 55.3,26, 93.0,26,  5.5,26,  6.5,26, 6.8,26,""
33013,2010-02-08,    3.6,0, 33.0,0, 23.2,0, 28.3,0,  4.6,0,  5.5,26,  4.6,0, 19.3,25, 56.3,26, 99.6,26,  4.8,26,  5.7,26, 5.9,26,""
33013,2010-02-09,    1.2,0, 34.0,0, 23.0,0, 27.1,0,  5.0,0,  5.9,26,  5.0,0, 18.9,25, 50.9,26, 96.5,26,  5.0,26,  6.1,26, 5.8,26,""
33013,2010-02-10,   14.2,0, 30.6,0, 22.8,0, 26.3,0,  3.4,0,  4.7,26,  3.4,0, 15.4,25, 59.9,26, 94.8,26,  3.9,26,  4.8,26, 4.8,26,""
33013,2010-02-11,   11.0,0, 29.7,0, 22.3,0, 27.6,0,  4.0,0,  4.0,26,  4.0,0, 13.2,25, 66.2,26,100.0,26,  3.3,26,  3.9,26, 4.0,26,""
33013,2010-02-12,    1.0,0, 32.2,0, 23.0,0, 26.9,0,  4.2,0,  5.3,26,  4.2,0, 17.5,25, 55.9,26, 95.8,26,  4.5,26,  5.4,26, 5.4,26,""
33013,2010-02-13,    0.0,0, 32.4,0, 22.0,0, 26.4,0,  7.0,0,  5.6,26,  7.0,0, 20.0,25, 54.3,26, 99.9,26,  4.8,26,  5.8,26, 5.8,26,""
33013,2010-02-14,    1.2,0, 32.0,0, 23.0,0, 28.3,0,  1.2,0,  4.9,26,  1.2,0, 16.7,25, 59.5,26,100.0,26,  4.2,26,  5.0,26, 5.2,26,""
33013,2010-02-15,   11.6,0, 31.4,0, 24.0,0, 30.7,0,  0.6,0,  4.1,26,  0.6,0, 12.8,25, 66.8,26,100.0,26,  3.3,26,  3.9,26, 4.0,26,""
33013,2010-02-16,    3.4,0, 31.8,0, 24.7,0, 30.4,0,  3.0,0,  3.9,26,  3.0,0,  8.4,25, 64.7,26, 97.7,26,  2.8,26,  3.5,26, 2.8,26,""
33013,2010-02-17,    9.0,0, 32.4,0, 24.4,0, 31.1,0,  4.4,0,  4.3,26,  4.4,0, 12.1,25, 63.9,26,100.0,26,  3.3,26,  4.1,26, 3.8,26,""
33013,2010-02-18,   14.6,0, 29.1,0, 23.0,0, 29.7,0,  1.8,0,  3.1,26,  1.8,0,  7.5,25, 73.7,26,100.0,26,  2.1,26,  2.5,26, 2.3,26,""
33013,2010-02-19,    0.4,0, 32.6,0, 24.2,0, 26.8,0,  6.8,0,  4.8,26,  6.8,0, 10.6,25, 54.5,26, 88.8,26,  3.6,26,  4.7,26, 3.6,26,""
33013,2010-02-20,    0.0,0, 33.1,0, 23.5,0, 27.9,0,  5.4,0,  5.2,26,  5.4,0, 15.4,25, 55.2,26, 96.4,26,  4.2,26,  5.2,26, 4.9,26,""
33013,2010-02-21,    0.0,0, 31.8,0, 23.5,0, 27.3,0,  2.6,0,  4.8,26,  2.6,0, 14.5,25, 58.1,26, 94.3,26,  3.9,26,  4.9,26, 4.6,26,""
33013,2010-02-22,   13.4,0, 33.4,0, 22.2,0, 29.8,0,  4.6,0,  5.6,26,  4.6,0, 22.2,25, 57.9,26,100.0,26,  5.0,26,  5.8,26, 6.5,26,""
33013,2010-02-23,    0.2,0, 33.0,0, 22.4,0, 29.1,0,  6.0,0,  5.6,26,  6.0,0, 22.5,25, 57.8,26,100.0,26,  5.1,26,  5.9,26, 6.6,26,""
33013,2010-02-24,    0.0,0, 34.6,0, 22.1,0, 27.1,0,  5.4,0,  6.3,26,  5.4,0, 21.6,25, 49.3,26,100.0,26,  5.4,26,  6.5,26, 6.4,26,""
33013,2010-02-25,    2.6,0, 33.2,0, 22.6,0, 27.6,0,  5.4,0,  5.8,26,  5.4,0, 21.1,25, 54.3,26,100.0,26,  5.1,26,  6.0,26, 6.2,26,""
33013,2010-02-26,    1.4,0, 29.8,0, 22.6,0, 27.9,0,  3.8,0,  3.4,26,  3.8,0,  6.7,25, 66.5,26,100.0,26,  2.3,26,  2.9,26, 2.2,26,""
33013,2010-02-27,    1.8,0, 28.8,0, 22.8,0, 27.6,0,  3.2,0,  3.2,26,  3.2,0,  7.2,25, 69.7,26, 99.5,26,  2.2,26,  2.8,26, 2.3,26,""
33013,2010-02-28,    3.8,0, 31.0,0, 22.2,0, 28.6,0,  2.2,0,  4.0,26,  2.2,0, 10.9,25, 63.7,26,100.0,26,  3.0,26,  3.6,26, 3.4,26,""
33013,2010-03-01,    1.6,0, 31.0,0, 21.6,0, 29.5,0,  3.6,0,  3.7,26,  3.6,0,  7.6,25, 65.7,26,100.0,26,  2.3,26,  2.8,26, 2.3,26,""
33013,2010-03-02,    2.0,0, 33.2,0, 21.5,0, 31.7,0,  4.4,0,  4.3,26,  4.4,0, 12.0,25, 62.3,26,100.0,26,  3.1,26,  3.6,26, 3.6,26,""
33013,2010-03-03,    5.4,0, 33.2,0, 23.3,0, 26.4,0,  4.8,0,  5.5,26,  4.8,0, 19.2,25, 51.9,26, 92.3,26,  4.9,26,  6.0,26, 5.7,26,""
33013,2010-03-04,    0.6,0, 32.2,0, 22.8,0, 29.3,0,  4.6,0,  4.4,26,  4.6,0, 12.9,25, 60.9,26,100.0,26,  3.4,26,  4.2,26, 4.0,26,""
33013,2010-03-05,    0.0,0, 33.6,0, 24.2,0, 26.4,0,  5.4,0,  6.0,26,  5.4,0, 23.9,25, 50.7,26, 87.4,26,  5.8,26,  7.0,26, 6.9,26,""
33013,2010-03-06,    0.0,0, 33.2,0, 20.8,0, 24.4,0,  5.2,0,  6.0,26,  5.2,0, 24.2,25, 48.0,26, 99.4,26,  5.6,26,  6.8,26, 6.6,26,""
33013,2010-03-07,    0.0,0, 35.0,0, 21.8,0, 27.8,0,  4.6,0,  6.1,26,  4.6,0, 24.3,25, 49.4,26,100.0,26,  5.7,26,  6.8,26, 7.0,26,""
33013,2010-03-08,    0.0,0, 35.1,0, 24.4,0, 29.3,0,  2.6,0,  6.0,26,  2.6,0, 22.0,25, 51.8,26, 95.9,26,  5.5,26,  6.6,26, 6.7,26,""
33013,2010-03-09,    9.4,0, 32.2,0, 22.9,0, 29.5,0,  1.4,0,  4.6,26,  1.4,0, 15.1,25, 61.3,26,100.0,26,  3.8,26,  4.5,26, 4.7,26,""
33013,2010-03-10,   16.4,0, 31.9,0, 22.6,0, 27.8,0,  3.8,0,  4.8,26,  3.8,0, 16.3,25, 58.8,26,100.0,26,  4.0,26,  4.9,26, 5.0,26,""
33013,2010-03-11,    0.0,0, 31.6,0, 21.2,0, 26.0,0,  5.0,0,  5.1,26,  5.0,0, 19.9,25, 55.9,26,100.0,26,  4.6,26,  5.4,26, 5.6,26,""
33013,2010-03-12,    0.0,0, 31.0,0, 20.4,0, 24.1,0,  3.8,0,  5.0,26,  3.8,0, 18.5,25, 53.6,26,100.0,26,  4.4,26,  5.3,26, 5.1,26,""
33013,2010-03-13,    1.8,0, 30.3,0, 20.5,0, 23.2,0,  4.4,0,  4.8,26,  4.4,0, 14.8,25, 53.7,26, 96.2,26,  3.8,26,  4.8,26, 4.3,26,""
33013,2010-03-14,    0.0,0, 28.5,0, 17.4,0, 20.4,0,  4.4,0,  4.7,26,  4.4,0, 17.7,25, 52.4,26,100.0,26,  4.0,26,  4.9,26, 4.5,26,""
33013,2010-03-15,    2.2,0, 28.0,0, 20.0,0, 22.4,0,  3.8,0,  4.5,26,  3.8,0, 17.6,25, 59.3,26, 95.8,26,  3.9,26,  4.7,26, 4.7,26,""
33013,2010-03-16,    0.6,0, 28.3,0, 17.1,0, 21.0,0,  1.4,0,  4.3,26,  1.4,0, 13.4,25, 54.6,26,100.0,26,  3.3,26,  4.1,26, 3.6,26,""
33013,2010-03-17,    0.2,0, 30.0,0, 17.3,0, 21.4,0,  4.6,0,  5.0,26,  4.6,0, 19.0,25, 50.4,26,100.0,26,  4.2,26,  5.2,26, 4.9,26,""
33013,2010-03-18,    0.0,0, 30.4,0, 18.3,0, 21.6,0,  7.2,0,  5.2,26,  7.2,0, 19.4,25, 49.8,26,100.0,26,  4.4,26,  5.5,26, 5.0,26,""
33013,2010-03-19,    0.4,0, 30.1,0, 18.9,0, 19.5,0,  4.0,0,  5.3,26,  4.0,0, 17.9,25, 45.7,26, 89.3,26,  4.5,26,  5.7,26, 4.6,26,""
33013,2010-03-20,    0.0,0, 28.1,25, 18.5,0, 21.2,0,  5.5,25,  4.0,26,  5.5,25,  8.2,25, 55.8,26, 99.6,26,  2.7,26,  3.5,26, 2.6,26,""
33013,2010-03-21,   61.3,15, 26.4,25, 21.8,25, 24.6,25,  2.1,25,  3.4,26,  2.1,25,  9.0,25, 71.5,26, 94.2,26,  2.4,26,  3.0,26, 2.7,26,""
33013,2010-03-22,   28.1,15, 28.0,0, 22.3,25, 30.2,0,  2.6,0,  3.2,26,  2.6,0, 11.3,25, 79.9,26,100.0,26,  2.3,26,  2.5,26, 3.2,26,""
33013,2010-03-23,   10.8,0, 30.0,0, 21.0,0, 24.3,0,  2.0,0,  4.4,26,  2.0,0, 11.9,25, 57.3,26, 97.8,26,  3.3,26,  4.2,26, 3.7,26,""
33013,2010-03-24,    0.0,0, 30.8,0, 18.4,0, 22.4,0,  4.2,0,  5.3,26,  4.2,0, 21.1,25, 50.4,26,100.0,26,  4.6,26,  5.6,26, 5.5,26,""
33013,2010-03-25,    0.0,0, 30.1,0, 17.7,0, 21.8,0,  3.6,0,  5.0,26,  3.6,0, 18.0,25, 51.1,26,100.0,26,  4.1,26,  5.0,26, 4.7,26,""
33013,2010-03-26,    0.2,0, 30.0,0, 17.6,0, 23.2,0,  5.0,0,  4.8,26,  5.0,0, 19.0,25, 54.7,26,100.0,26,  4.0,26,  4.8,26, 4.9,26,""
33013,2010-03-27,    0.0,0, 30.7,0, 18.0,0, 21.8,0,  3.8,0,  4.6,26,  3.8,0, 10.4,25, 49.4,26,100.0,26,  3.2,26,  4.3,26, 3.3,26,""
33013,2010-03-28,    0.0,0, 31.4,0, 18.4,0, 23.4,0,  4.4,0,  5.2,26,  4.4,0, 19.6,25, 50.9,26,100.0,26,  4.4,26,  5.3,26, 5.2,26,""
33013,2010-03-29,    0.0,0, 30.2,0, 18.5,0, 24.1,0,  4.2,0,  4.6,26,  4.2,0, 16.2,25, 56.2,26,100.0,26,  3.7,26,  4.4,26, 4.4,26,""
33013,2010-03-30,    0.0,0, 30.0,0, 20.2,0, 23.5,0,  3.0,0,  4.6,26,  3.0,0, 14.8,25, 55.4,26, 99.3,26,  3.7,26,  4.6,26, 4.2,26,""
33013,2010-03-31,    2.2,0, 29.2,0, 20.6,0, 24.6,0,  3.2,0,  4.1,26,  3.2,0, 11.3,25, 60.7,26,100.0,26,  3.0,26,  3.7,26, 3.5,26,""
33013,2010-04-01,    0.0,0, 28.2,0, 20.5,0, 22.4,0,  3.2,0,  3.2,26,  3.2,0,  7.1,25, 58.6,26, 92.9,26,  2.5,26,  3.4,26, 2.4,26,""
33013,2010-04-02,    0.4,0, 30.2,0, 18.1,0, 21.2,0,  2.4,0,  4.5,26,  2.4,0, 15.9,25, 49.4,26,100.0,26,  3.9,26,  4.9,26, 4.2,26,""
33013,2010-04-03,    0.0,0, 29.4,0, 20.1,0, 24.0,0,  2.6,0,  3.5,26,  2.6,0,  9.4,25, 58.6,26,100.0,26,  2.8,26,  3.6,26, 3.0,26,""
33013,2010-04-04,    0.0,0, 29.0,0, 21.0,0, 24.1,0,  2.8,0,  3.4,26,  2.8,0,  9.4,25, 60.2,26, 96.9,26,  2.8,26,  3.6,26, 3.0,26,""
33013,2010-04-05,    0.0,0, 30.0,0, 20.2,0, 23.1,0,  3.8,0,  4.1,26,  3.8,0, 13.8,25, 54.4,26, 97.6,26,  3.5,26,  4.5,26, 3.9,26,""
33013,2010-04-06,    0.0,0, 27.6,0, 21.8,0, 21.3,0,  3.2,0,  3.7,26,  3.2,0, 12.0,25, 57.7,26, 81.6,26,  3.3,26,  4.3,26, 3.5,26,""
33013,2010-04-07,    1.2,0, 31.1,0, 17.2,0, 22.4,0,  2.0,0,  4.9,26,  2.0,0, 20.2,25, 49.6,26,100.0,26,  4.3,26,  5.3,26, 5.1,26,""
33013,2010-04-08,    0.0,0, 31.6,0, 16.8,0, 22.0,0,  3.4,0,  5.1,26,  3.4,0, 20.8,25, 47.3,26,100.0,26,  4.5,26,  5.5,26, 5.3,26,""
33013,2010-04-09,    0.0,0, 30.9,25, 18.3,0, 23.0,0,  5.2,25,  4.9,26,  5.2,25, 21.2,25, 51.5,26,100.0,26,  4.4,26,  5.4,26, 5.5,26,""
33013,2010-04-10,    0.0,0, 31.1,25, 18.2,25, 19.4,0,  5.1,25,  5.3,26,  5.1,25, 20.7,25, 42.9,26, 92.9,26,  4.7,26,  6.1,26, 5.2,26,""
33013,2010-04-11,    0.0,0, 33.5,0, 18.9,25, 25.6,0,  2.0,0,  5.3,26,  2.0,0, 22.1,25, 49.5,26,100.0,26,  4.8,26,  5.8,26, 6.0,26,""
33013,2010-04-12,    0.0,0, 33.4,0, 17.9,0, 24.9,0,  2.6,0,  5.1,26,  2.6,0, 19.7,25, 48.4,26,100.0,26,  4.5,26,  5.5,26, 5.3,26,""
33013,2010-04-13,    1.2,0, 27.2,0, 20.5,0, 23.0,0,  2.8,0,  2.9,26,  2.8,0,  6.9,25, 63.8,26, 95.4,26,  2.3,26,  3.0,26, 2.2,26,""
33013,2010-04-14,    2.2,0, 30.5,0, 15.6,0, 18.7,0,  3.0,0,  5.2,26,  3.0,0, 21.0,25, 42.8,26,100.0,26,  4.5,26,  5.7,26, 5.0,26,""
33013,2010-04-15,    0.4,0, 30.3,0, 16.5,0, 21.3,0,  4.4,0,  4.6,26,  4.4,0, 18.0,25, 49.3,26,100.0,26,  3.9,26,  4.9,26, 4.5,26,""
33013,2010-04-16,    0.4,0, 29.6,0, 16.0,0, 20.6,0,  2.8,0,  4.6,26,  2.8,0, 18.9,25, 49.7,26,100.0,26,  3.9,26,  4.9,26, 4.6,26,""
33013,2010-04-17,    0.0,0, 29.2,0, 17.6,0, 22.8,0,  5.4,0,  4.2,26,  5.4,0, 17.5,25, 56.3,26,100.0,26,  3.6,26,  4.3,26, 4.4,26,""
33013,2010-04-18,    0.0,0, 29.8,0, 19.0,0, 22.2,0,  3.6,0,  4.1,26,  3.6,0, 13.8,25, 52.9,26,100.0,26,  3.4,26,  4.4,26, 3.7,26,""
33013,2010-04-19,    0.0,0, 25.5,0, 20.3,0, 22.0,0,  1.2,0,  2.7,26,  1.2,0,  6.2,25, 67.4,26, 92.4,26,  2.0,26,  2.7,26, 2.0,26,""
33013,2010-04-20,    0.0,0, 29.2,0, 16.2,0, 21.8,0,  3.8,0,  4.3,26,  3.8,0, 17.8,25, 53.8,26,100.0,26,  3.6,26,  4.4,26, 4.3,26,""
33013,2010-04-21,    9.2,0, 28.5,0, 17.9,0, 23.8,0,  3.2,0,  3.5,26,  3.2,0, 12.2,25, 61.2,26,100.0,26,  2.7,26,  3.3,26, 3.3,26,""
33013,2010-04-22,    0.0,0, 28.9,0, 20.0,0, 23.1,0,  1.2,0,  3.3,26,  1.2,0,  8.3,25, 58.0,26, 98.8,26,  2.6,26,  3.4,26, 2.7,26,""
33013,2010-04-23,    3.4,0, 30.2,0, 22.0,0, 25.2,0,  2.8,0,  4.3,26,  2.8,0, 17.0,25, 58.7,26, 95.4,26,  3.8,26,  4.7,26, 4.6,26,""
33013,2010-04-24,    0.0,0, 30.1,0, 20.5,0, 24.1,25,  3.8,0,  4.0,26,  3.8,0, 13.2,25, 56.5,26,100.0,26,  3.3,26,  4.2,26, 3.7,26,""
33013,2010-04-25,    0.0,0, 30.4,0, 20.3,0, 23.1,0,  2.2,0,  3.9,26,  2.2,0, 11.3,25, 53.2,26, 97.0,26,  3.2,26,  4.2,26, 3.4,26,""
33013,2010-04-26,    0.2,0, 31.0,0, 19.5,0, 21.8,0,  2.8,0,  4.9,26,  2.8,0, 18.7,25, 48.5,26, 96.2,26,  4.2,26,  5.4,26, 4.8,26,""
33013,2010-04-27,    0.0,0, 30.1,0, 17.3,0, 21.4,0,  3.6,0,  4.3,26,  3.6,0, 14.9,25, 50.2,26,100.0,26,  3.5,26,  4.5,26, 3.8,26,""
33013,2010-04-28,    0.0,0, 27.6,0, 19.2,0, 22.5,0,  3.2,0,  3.2,26,  3.2,0,  8.7,25, 60.9,26,100.0,26,  2.4,26,  3.2,26, 2.7,26,""
33013,2010-04-29,    0.0,0, 30.1,0, 18.3,0, 19.9,0,  3.4,0,  4.4,26,  3.4,0, 14.1,25, 46.6,26, 94.7,26,  3.6,26,  4.8,26, 3.6,26,""
33013,2010-04-30,    0.0,0, 30.6,0, 15.5,0, 20.0,0,  4.4,0,  4.9,26,  4.4,0, 19.3,25, 45.5,26,100.0,26,  4.1,26,  5.2,26, 4.6,26,""
33013,2010-05-01,    0.0,0, 29.5,0, 15.2,0, 17.4,0,  4.0,0,  4.2,26,  4.0,0, 19.1,25, 42.2,26,100.0,26,  4.1,26,  5.3,26, 4.4,26,""
33013,2010-05-02,    0.0,0, 29.4,0, 14.8,0, 18.1,0,  4.4,0,  4.1,26,  4.4,0, 18.5,25, 44.2,26,100.0,26,  3.9,26,  5.1,26, 4.2,26,""
33013,2010-05-03,    0.0,0, 29.1,0, 15.5,0, 18.5,0,  3.8,0,  3.9,26,  3.8,0, 17.3,25, 45.9,26,100.0,26,  3.7,26,  4.8,26, 4.0,26,""
33013,2010-05-04,    0.0,0, 30.2,0, 15.4,0, 18.0,0,  2.4,0,  4.2,26,  2.4,0, 18.5,25, 41.9,26,100.0,26,  4.1,26,  5.3,26, 4.3,26,""
33013,2010-05-05,    0.0,0, 30.0,0, 17.6,0, 18.2,0,  4.4,0,  4.1,26,  4.4,0, 17.4,25, 42.9,26, 90.5,26,  4.1,26,  5.4,26, 4.2,26,""
33013,2010-05-06,    0.0,0, 30.2,0, 13.9,0, 19.0,0,  4.0,0,  4.2,26,  4.0,0, 19.9,25, 44.3,26,100.0,26,  4.0,26,  5.1,26, 4.7,26,""
33013,2010-05-07,    0.0,0, 28.5,0, 12.2,0, 12.6,0,  4.2,0,  4.5,26,  4.2,0, 20.3,25, 32.4,26, 88.7,26,  4.3,26,  5.9,26, 4.4,26,""
33013,2010-05-08,    0.0,0, 28.0,0, 10.8,0, 15.7,0,  3.8,0,  4.1,26,  3.8,0, 19.4,25, 41.5,26,100.0,26,  3.7,26,  4.8,26, 4.2,26,""
33013,2010-05-09,    0.0,0, 24.9,0, 13.2,0, 15.5,0,  2.6,0,  3.2,26,  2.6,0, 12.9,25, 49.2,26,100.0,26,  2.8,26,  3.8,26, 2.7,26,""
33013,2010-05-10,    0.4,0, 27.8,0, 13.8,0, 18.3,0,  3.2,0,  3.7,26,  3.2,0, 16.7,25, 49.0,26,100.0,26,  3.3,26,  4.2,26, 3.7,26,""
33013,2010-05-11,    0.0,0, 29.1,0, 16.2,0, 19.0,0,  3.4,0,  3.5,26,  3.4,0, 12.9,25, 47.2,26,100.0,26,  3.2,26,  4.3,26, 3.1,26,""
33013,2010-05-12,    5.6,0, 28.4,0, 18.3,0, 22.0,0,  2.0,0,  3.0,26,  2.0,0, 10.2,25, 56.9,26,100.0,26,  2.6,26,  3.4,26, 2.8,26,""
33013,2010-05-13,    0.0,0, 28.8,0, 12.4,0, 16.3,0,  2.0,0,  4.1,26,  2.0,0, 18.6,25, 41.2,26,100.0,26,  3.8,26,  5.0,26, 4.1,26,""
33013,2010-05-14,    0.0,0, 27.8,0, 10.0,0, 15.0,0,  4.2,0,  4.1,26,  4.2,0, 19.2,25, 40.2,26,100.0,26,  3.6,26,  4.8,26, 4.0,26,""
33013,2010-05-15,    0.0,0, 27.8,0, 15.0,0, 13.0,0,  4.2,0,  4.1,26,  4.2,0, 16.6,25, 34.8,26, 76.3,26,  3.9,26,  5.5,26, 3.6,26,""
33013,2010-05-16,    0.0,0, 25.8,0, 14.2,0, 13.5,0,  3.0,0,  3.4,26,  3.0,0, 11.6,25, 40.7,26, 83.4,26,  3.2,26,  4.5,26, 2.5,26,""
33013,2010-05-17,    4.2,0, 21.9,0, 13.9,0, 16.5,0,  2.0,0,  2.2,26,  2.0,0,  4.9,25, 62.8,26,100.0,26,  1.6,26,  2.2,26, 1.5,26,""
33013,2010-05-18,    2.4,0, 25.9,0, 13.6,0, 18.3,0,  2.8,0,  3.3,26,  2.8,0, 15.1,25, 54.8,26,100.0,26,  2.8,26,  3.5,26, 3.2,26,""
33013,2010-05-19,    0.0,0, 26.6,0,  8.6,0, 14.1,0,  3.6,0,  4.0,26,  3.6,0, 19.2,25, 40.5,26,100.0,26,  3.4,26,  4.5,26, 3.9,26,""
33013,2010-05-20,    0.0,0, 26.2,0, 10.4,0, 13.6,0,  2.0,0,  3.5,26,  2.0,0, 13.2,25, 40.0,26,100.0,26,  3.1,26,  4.3,26, 2.6,26,""
33013,2010-05-21,    0.0,0, 25.1,0, 12.6,0, 16.6,0,  2.2,0,  3.0,26,  2.2,0, 10.7,25, 52.1,26,100.0,26,  2.4,26,  3.2,26, 2.3,26,""
33013,2010-05-22,    0.0,0, 28.5,0, 14.2,0, 18.7,0,  2.4,0,  3.8,26,  2.4,0, 16.9,25, 48.1,26,100.0,26,  3.3,26,  4.3,26, 3.8,26,""
33013,2010-05-23,    0.0,0, 27.0,0, 17.1,0, 19.3,0,  2.8,0,  3.5,26,  2.8,0, 15.6,25, 54.1,26, 99.0,26,  3.1,26,  4.0,26, 3.5,26,""
33013,2010-05-24,    0.0,0, 28.5,0, 15.0,0, 17.5,0,  3.0,0,  3.9,26,  3.0,0, 16.7,25, 45.0,26,100.0,26,  3.5,26,  4.6,26, 3.7,26,""
33013,2010-05-25,    0.0,0, 30.7,0, 14.4,0, 17.8,0,  3.4,0,  4.2,26,  3.4,0, 18.0,25, 40.3,26,100.0,26,  3.9,26,  5.2,26, 4.1,26,""
33013,2010-05-26,    1.0,0, 27.9,0, 19.4,0, 25.5,0,  1.2,0,  3.1,26,  1.2,0, 14.7,25, 67.9,26,100.0,26,  2.7,26,  3.1,26, 3.7,26,""
33013,2010-05-27,    0.0,0, 26.1,0, 10.6,0, 15.3,0,  2.8,0,  3.8,26,  2.8,0, 18.4,25, 45.3,26,100.0,26,  3.2,26,  4.2,26, 3.8,26,""
33013,2010-05-28,    0.0,0, 27.0,0,  8.1,0, 14.0,0,  3.6,0,  3.8,26,  3.6,0, 17.0,25, 39.3,26,100.0,26,  3.3,26,  4.4,26, 3.3,26,""
33013,2010-05-29,    0.0,0, 27.0,0, 12.6,0, 17.3,0,  2.4,0,  3.1,26,  2.4,0, 10.4,25, 48.5,26,100.0,26,  2.6,26,  3.5,26, 2.3,26,""
33013,2010-05-30,    0.0,0, 25.0,0, 10.6,0, 13.0,0,  3.8,0,  3.8,26,  3.8,0, 18.3,25, 41.1,26,100.0,26,  3.3,26,  4.4,26, 3.6,26,""
33013,2010-05-31,    0.0,0, 24.6,0,  7.2,0,  8.1,0,  3.2,0,  4.2,26,  3.2,0, 18.8,25, 26.2,26, 79.8,26,  3.7,26,  5.4,26, 3.5,26,""
33013,2010-06-01,    0.0,0, 26.0,0,  4.6,0,  9.2,0,  3.2,0,  3.6,26,  3.2,0, 18.3,25, 27.4,26,100.0,26,  3.6,26,  5.2,26, 3.4,26,""
33013,2010-06-02,    0.0,0, 27.1,0,  7.2,0, 12.7,0,  3.4,0,  3.4,26,  3.4,0, 17.3,25, 35.4,26,100.0,26,  3.4,26,  4.7,26, 3.3,26,""
33013,2010-06-03,    0.0,0, 25.2,0, 15.4,0, 16.8,0,  3.0,0,  2.7,26,  3.0,0,  9.7,25, 52.4,26, 96.1,26,  2.5,26,  3.4,26, 2.2,26,""
33013,2010-06-04,   19.0,0, 26.0,0, 15.5,0, 17.8,0,  0.4,0,  3.0,26,  0.4,0, 14.9,25, 53.0,26,100.0,26,  2.9,26,  3.8,26, 3.2,26,""
33013,2010-06-05,    0.0,0, 25.0,0,  9.6,0, 10.7,0,  3.2,0,  3.5,26,  3.2,0, 18.0,25, 33.8,26, 89.6,26,  3.5,26,  4.9,26, 3.5,26,""
33013,2010-06-06,    0.0,0, 25.4,0,  8.2,0, 12.5,0,  3.0,0,  3.4,26,  3.0,0, 18.2,25, 38.5,26,100.0,26,  3.2,26,  4.4,26, 3.5,26,""
33013,2010-06-07,    0.0,0, 24.0,0,  8.0,0, 10.2,0,  2.8,0,  3.4,26,  2.8,0, 18.3,25, 34.2,26, 95.1,26,  3.3,26,  4.7,26, 3.4,26,""
33013,2010-06-08,    0.0,0, 25.6,0,  5.6,0,  9.6,0,  2.6,0,  3.5,26,  2.6,0, 17.9,25, 29.3,26,100.0,26,  3.5,26,  5.0,26, 3.3,26,""
33013,2010-06-09,    0.0,0, 27.4,0, 10.0,0, 13.8,0,  2.0,0,  3.5,26,  2.0,0, 17.6,25, 37.8,26,100.0,26,  3.4,26,  4.7,26, 3.6,26,""
33013,2010-06-10,    0.0,0, 27.1,0, 11.6,0, 16.9,0,  2.2,0,  3.3,26,  2.2,0, 17.5,25, 47.1,26,100.0,26,  3.1,26,  4.0,26, 3.7,26,""
33013,2010-06-11,    0.0,0, 22.8,0, 11.0,0, 11.6,0,  3.2,0,  3.0,26,  3.2,0, 13.5,25, 41.8,26, 88.4,26,  2.8,26,  4.0,26, 2.5,26,""
33013,2010-06-12,    0.0,0, 24.8,0,  8.3,0,  9.7,0,  4.0,0,  3.5,26,  4.0,0, 18.1,25, 31.0,26, 88.7,26,  3.5,26,  5.0,26, 3.4,26,""
33013,2010-06-13,    0.0,0, 24.0,0,  7.2,0,  9.7,0,  2.6,0,  3.2,26,  2.6,0, 14.7,25, 32.5,26, 95.6,26,  3.1,26,  4.5,26, 2.6,26,""
33013,2010-06-14,    0.0,0, 26.5,0,  9.0,0, 11.6,0,  4.0,0,  3.1,26,  4.0,0, 12.0,25, 33.5,26,100.0,26,  3.2,26,  4.6,26, 2.3,26,""
33013,2010-06-15,    0.0,0, 26.9,0, 12.8,0, 16.9,0,  1.4,0,  2.8,26,  1.4,0,  9.7,25, 47.7,26,100.0,26,  2.5,26,  3.5,26, 2.2,26,""
33013,2010-06-16,    0.0,0, 27.2,0, 11.2,0, 15.9,0,  2.2,0,  3.1,26,  2.2,0, 14.4,25, 44.1,26,100.0,26,  3.0,26,  4.0,26, 2.9,26,""
33013,2010-06-17,    0.0,0, 27.6,0,  9.5,0, 14.1,0,  2.6,0,  3.4,26,  2.6,0, 16.3,25, 38.2,26,100.0,26,  3.3,26,  4.5,26, 3.2,26,""
33013,2010-06-18,    0.0,0, 27.2,0, 10.5,0, 15.6,0,  2.2,0,  3.3,26,  2.2,0, 17.2,25, 43.3,26,100.0,26,  3.2,26,  4.2,26, 3.5,26,""
33013,2010-06-19,    0.0,0, 27.8,0, 11.8,0, 15.3,0,  2.4,0,  3.0,26,  2.4,0, 10.9,25, 41.0,26,100.0,26,  2.9,26,  4.1,26, 2.3,26,""
33013,2010-06-20,    0.0,0, 23.1,0, 10.2,0, 10.0,0,  3.6,0,  3.3,26,  3.6,0, 17.6,25, 35.4,26, 80.4,26,  3.3,26,  4.6,26, 3.3,26,""
33013,2010-06-21,    0.0,0, 26.8,0,  5.1,0,  9.1,0,  3.2,0,  3.6,26,  3.2,0, 17.1,25, 25.8,26,100.0,26,  3.7,26,  5.4,26, 3.1,26,""
33013,2010-06-22,    0.0,0, 26.6,0, 10.6,0, 15.5,0,  2.6,0,  3.1,26,  2.6,0, 15.0,25, 44.5,26,100.0,26,  2.9,26,  3.9,26, 3.0,26,""
33013,2010-06-23,    0.0,0, 26.5,0, 13.2,0, 16.0,0,  3.2,0,  3.1,26,  3.2,0, 14.4,25, 46.2,26,100.0,26,  3.0,26,  4.0,26, 3.0,26,""
33013,2010-06-24,    0.0,0, 25.0,0, 10.4,0, 14.8,0,  2.0,0,  3.0,26,  2.0,0, 14.1,25, 46.7,26,100.0,26,  2.7,26,  3.6,26, 2.7,26,""
33013,2010-06-25,    1.2,0, 25.1,0, 14.0,0, 18.8,0,  3.0,0,  2.8,26,  3.0,0, 12.8,25, 59.0,26,100.0,26,  2.3,26,  2.9,26, 2.7,26,""
33013,2010-06-26,    0.0,0, 27.4,0, 13.2,0, 17.3,0,  2.6,0,  3.2,26,  2.6,0, 15.2,25, 47.4,26,100.0,26,  3.0,26,  4.0,26, 3.2,26,""
33013,2010-06-27,    0.0,0, 29.1,0, 10.9,0, 16.3,0,  3.4,0,  3.4,26,  3.4,0, 16.8,25, 40.5,26,100.0,26,  3.4,26,  4.6,26, 3.5,26,""
33013,2010-06-28,    0.0,0, 28.6,0, 11.7,0, 15.8,0,  3.2,0,  3.4,26,  3.2,0, 16.6,25, 40.4,26,100.0,26,  3.4,26,  4.6,26, 3.5,26,""
33013,2010-06-29,    0.0,0, 28.6,0, 12.6,0, 18.4,0,  2.8,0,  3.2,26,  2.8,0, 14.5,25, 47.0,26,100.0,26,  3.0,26,  3.9,26, 3.1,26,""
33013,2010-06-30,    0.0,0, 28.0,0, 11.0,0, 17.2,0,  2.2,0,  3.2,26,  2.2,0, 14.9,25, 45.5,26,100.0,26,  3.0,26,  3.9,26, 3.1,26,""
33013,2010-07-01,    0.0,0, 28.4,0, 13.5,0, 17.6,0,  3.0,0,  3.2,26,  3.0,0, 15.3,25, 45.5,26,100.0,26,  3.2,26,  4.2,26, 3.3,26,""
33013,2010-07-02,    0.0,0, 24.1,0, 16.2,0, 18.7,0,  1.8,0,  2.1,26,  1.8,0,  4.5,25, 62.3,26,100.0,26,  1.7,26,  2.3,26, 1.5,26,""
33013,2010-07-03,    0.0,0, 24.9,0, 18.0,0, 17.6,0,  4.2,0,  2.9,26,  4.2,0, 12.6,25, 55.9,26, 85.3,26,  2.8,26,  3.7,26, 2.8,26,""
33013,2010-07-04,    0.0,0, 25.2,0, 12.2,0,  8.3,0,  2.0,0,  3.2,26,  2.0,0, 13.2,25, 25.9,26, 58.4,26,  3.7,26,  5.5,26, 2.5,26,""
33013,2010-07-05,    0.0,0, 28.4,0, 12.6,0, 15.9,0,  3.8,0,  3.2,26,  3.8,0, 14.4,25, 41.1,26,100.0,26,  3.2,26,  4.5,26, 3.0,26,""
33013,2010-07-06,    0.0,0, 28.0,0, 12.8,0, 15.9,0,  2.2,0,  3.1,26,  2.2,0, 13.4,25, 42.1,26,100.0,26,  3.1,26,  4.3,26, 2.8,26,""
33013,2010-07-07,    0.0,0, 27.8,0, 13.8,0, 18.7,0,  2.4,0,  2.7,26,  2.4,0,  9.6,25, 50.1,26,100.0,26,  2.5,26,  3.4,26, 2.3,26,""
33013,2010-07-08,    0.0,0, 24.0,0, 15.9,0, 13.9,0,  2.2,0,  2.5,26,  2.2,0,  7.4,25, 46.6,26, 77.0,26,  2.6,26,  3.8,26, 1.7,26,""
33013,2010-07-09,    0.0,0, 24.5,0, 13.0,0, 14.1,0,  3.2,0,  3.1,26,  3.2,0, 14.8,25, 45.9,26, 94.2,26,  3.0,26,  4.0,26, 2.9,26,""
33013,2010-07-10,    0.0,0, 28.0,0, 10.0,0, 11.6,0,  3.2,0,  3.5,26,  3.2,0, 16.4,25, 30.7,26, 94.5,26,  3.7,26,  5.3,26, 3.2,26,""
33013,2010-07-11,    0.0,0, 25.6,0, 11.7,0, 17.7,0,  2.8,0,  3.0,26,  2.8,0, 14.0,25, 53.9,26,100.0,26,  2.5,26,  3.2,26, 2.8,26,""
33013,2010-07-12,    0.0,0, 25.0,0, 11.8,0, 15.5,0,  2.0,0,  2.9,26,  2.0,0, 12.8,25, 48.9,26,100.0,26,  2.6,26,  3.5,26, 2.6,26,""
33013,2010-07-13,    0.0,0, 27.2,0, 11.6,0, 16.4,0,  2.0,0,  3.2,26,  2.0,0, 15.3,25, 45.5,26,100.0,26,  3.0,26,  4.0,26, 3.1,26,""
33013,2010-07-14,    0.0,0, 28.7,0, 13.6,0, 18.2,0,  3.8,0,  3.3,26,  3.8,0, 16.4,25, 46.2,26,100.0,26,  3.3,26,  4.3,26, 3.6,26,""
33013,2010-07-15,    0.0,0, 27.5,0, 14.0,0, 15.6,0,  4.0,0,  3.4,26,  4.0,0, 16.9,25, 42.5,26, 97.7,26,  3.5,26,  4.7,26, 3.6,26,""
33013,2010-07-16,    0.0,0, 25.9,0,  6.5,0, 10.2,0,  3.2,0,  3.6,26,  3.2,0, 18.7,25, 30.5,26,100.0,26,  3.6,26,  5.1,26, 3.5,26,""
33013,2010-07-17,    0.0,0, 26.6,0,  5.6,0, 12.0,0,  2.4,0,  3.5,26,  2.4,0, 18.0,25, 34.5,26,100.0,26,  3.4,26,  4.7,26, 3.4,26,""
33013,2010-07-18,    0.0,0, 26.5,0, 10.6,0, 14.6,0,  3.2,0,  3.3,26,  3.2,0, 16.0,25, 42.2,26,100.0,26,  3.2,26,  4.3,26, 3.2,26,""
33013,2010-07-19,    0.0,0, 28.8,0, 12.0,0, 18.0,0,  3.2,0,  3.3,26,  3.2,0, 15.9,25, 45.5,26,100.0,26,  3.2,26,  4.2,26, 3.4,26,""
33013,2010-07-20,    0.0,0, 29.0,0, 12.6,0, 13.2,0,  3.0,0,  3.6,26,  3.0,0, 17.0,25, 33.0,26, 90.5,26,  3.9,26,  5.5,26, 3.6,26,""
33013,2010-07-21,    2.2,0, 24.8,0, 12.4,0, 10.2,0,  3.0,0,  3.3,26,  3.0,0, 15.5,25, 32.6,26, 70.9,26,  3.6,26,  5.1,26, 3.0,26,""
33013,2010-07-22,    0.0,0, 26.0,0, 10.0,0, 12.1,0,  3.8,0,  3.6,26,  3.8,0, 19.2,25, 36.0,26, 98.6,26,  3.6,26,  5.0,26, 3.9,26,""
33013,2010-07-23,    0.0,0, 26.1,0,  6.0,0,  7.7,0,  2.4,0,  3.7,26,  2.4,0, 18.3,25, 22.8,26, 82.4,26,  4.0,26,  5.8,26, 3.4,26,""
33013,2010-07-24,    0.0,0, 26.5,0, 10.2,0, 10.4,0,  2.8,0,  3.3,26,  2.8,0, 14.0,25, 30.0,26, 83.6,26,  3.6,26,  5.2,26, 2.7,26,""
33013,2010-07-25,    0.0,0, 26.6,0, 11.2,0, 18.3,0,  2.8,0,  2.7,26,  2.8,0, 10.0,25, 52.6,26,100.0,26,  2.3,26,  2.9,26, 2.4,26,""
33013,2010-07-26,    0.0,0, 24.5,0, 13.9,0, 16.0,0,  2.6,0,  2.3,26,  2.6,0,  5.9,25, 52.1,26,100.0,26,  2.1,26,  3.0,26, 1.9,26,""
33013,2010-07-27,    1.0,0, 24.2,0, 15.4,0, 16.7,0,  3.0,0,  2.5,26,  3.0,0,  8.0,25, 55.3,26, 95.5,26,  2.3,26,  3.1,26, 2.0,26,""
33013,2010-07-28,    0.2,0, 26.1,0, 17.5,0, 19.0,0,  2.6,0,  2.7,26,  2.6,0, 10.0,25, 56.2,26, 95.1,26,  2.6,26,  3.4,26, 2.5,26,""
33013,2010-07-29,    0.0,0, 29.0,0, 14.2,0, 20.3,0,  1.8,0,  3.2,26,  1.8,0, 15.4,25, 50.7,26,100.0,26,  3.1,26,  4.0,26, 3.5,26,""
33013,2010-07-30,    0.0,0, 29.6,0, 14.6,0, 18.1,0,  3.2,0,  3.5,26,  3.2,0, 17.8,25, 43.7,26,100.0,26,  3.7,26,  4.9,26, 4.1,26,""
33013,2010-07-31,    0.0,0, 31.0,0, 15.9,0, 19.6,0,  3.2,0,  3.6,26,  3.2,0, 17.5,25, 43.6,26,100.0,26,  3.9,26,  5.1,26, 4.2,26,""
33013,2010-08-01,    0.0,0, 31.6,0, 14.6,0, 18.0,0,  3.2,0,  4.5,26,  3.2,0, 17.7,25, 38.7,26,100.0,26,  4.1,26,  5.5,26, 4.1,26,""
33013,2010-08-02,    0.0,0, 29.0,0, 17.8,0, 18.1,0,  3.8,0,  3.7,26,  3.8,0, 12.3,25, 45.2,26, 88.9,26,  3.4,26,  4.6,26, 3.1,26,""
33013,2010-08-03,    0.0,0, 23.0,0, 10.0,0,  6.2,0,  3.6,0,  4.6,26,  3.6,0, 20.8,25, 22.1,26, 50.5,26,  4.2,26,  6.0,26, 3.9,26,""
33013,2010-08-04,    0.0,0, 25.5,0,  3.2,0,  6.3,0,  4.4,0,  4.7,26,  4.4,0, 21.1,25, 19.3,26, 82.0,26,  4.3,26,  6.2,26, 3.8,26,""
33013,2010-08-05,    0.0,0, 27.5,0, 10.0,0, 13.4,0,  2.2,0,  3.9,26,  2.2,0, 14.0,25, 36.5,26,100.0,26,  3.4,26,  4.8,26, 2.9,26,""
33013,2010-08-06,    0.0,0, 27.6,0, 13.9,0, 14.5,0,  3.4,0,  4.4,26,  3.4,0, 19.3,25, 39.3,26, 91.4,26,  4.0,26,  5.3,26, 4.2,26,""
33013,2010-08-07,    0.0,0, 26.8,0,  5.2,0,  7.5,0,  3.6,0,  4.8,26,  3.6,0, 21.2,25, 21.3,26, 84.8,26,  4.5,26,  6.4,26, 4.0,26,""
33013,2010-08-08,    0.0,0, 26.8,0,  4.4,0,  9.5,0,  4.4,0,  4.7,26,  4.4,0, 21.0,25, 27.0,26,100.0,26,  4.1,26,  5.8,26, 4.0,26,""
33013,2010-08-09,    0.0,0, 28.0,0, 10.7,0, 16.1,0,  3.0,0,  4.2,26,  3.0,0, 18.7,25, 42.6,26,100.0,26,  3.6,26,  4.7,26, 4.0,26,""
33013,2010-08-10,    0.0,0, 29.1,0, 20.0,0, 22.1,0,  3.3,25,  3.3,26,  3.3,25, 10.2,25, 54.9,26, 94.6,26,  2.9,26,  3.9,26, 3.0,26,""
33013,2010-08-11,   76.6,0, 22.0,0, 13.6,0, 15.6,0,  2.0,0,  3.3,26,  2.0,0, 13.6,25, 59.0,26,100.0,26,  2.6,26,  3.2,26, 2.8,26,""
33013,2010-08-12,    0.0,0, 23.0,0,  6.4,0,  7.1,0,  3.6,0,  4.5,26,  3.6,0, 21.5,25, 25.3,26, 73.9,26,  4.0,26,  5.6,26, 4.0,26,""
33013,2010-08-13,    0.0,0, 24.0,0,  5.0,0,  8.3,0,  5.0,0,  4.6,26,  5.0,0, 21.8,25, 27.8,26, 95.2,26,  4.0,26,  5.5,26, 4.1,26,""
33013,2010-08-14,    0.0,0, 26.0,0,  6.4,0, 11.1,0,  3.8,0,  4.6,26,  3.8,0, 21.6,25, 33.0,26,100.0,26,  4.0,26,  5.3,26, 4.3,26,""
33013,2010-08-15,    0.0,0, 29.1,0, 10.5,0, 16.1,0,  4.0,0,  4.6,26,  4.0,0, 21.1,25, 40.0,26,100.0,26,  4.1,26,  5.3,26, 4.7,26,""
33013,2010-08-16,    0.0,0, 29.2,0, 10.0,0, 16.6,0,  3.8,0,  4.6,26,  3.8,0, 21.4,25, 41.0,26,100.0,26,  4.0,26,  5.2,26, 4.7,26,""
33013,2010-08-17,    0.0,0, 27.8,0, 10.2,0, 14.1,0,  3.6,0,  4.5,26,  3.6,0, 20.8,25, 37.7,26,100.0,26,  4.1,26,  5.3,26, 4.4,26,""
33013,2010-08-18,    0.0,0, 29.0,0, 15.2,0, 17.5,0,  2.4,0,  3.8,26,  2.4,0, 13.0,25, 43.7,26,100.0,26,  3.4,26,  4.6,26, 3.1,26,""
33013,2010-08-19,    0.0,0, 30.0,0, 18.2,0, 23.5,0,  4.0,0,  3.5,26,  4.0,0, 12.6,25, 55.4,26,100.0,26,  3.1,26,  3.9,26, 3.5,26,""
33013,2010-08-20,    0.0,0, 31.0,0, 18.8,0, 24.4,0,  2.6,0,  4.1,26,  2.6,0, 17.6,25, 54.3,26,100.0,26,  3.8,26,  4.6,26, 4.6,26,""
33013,2010-08-21,    0.0,0, 26.7,0, 20.5,0, 22.2,0,  2.6,0,  3.0,26,  2.6,0,  9.3,25, 63.4,26, 92.1,26,  2.6,26,  3.3,26, 2.9,26,""
33013,2010-08-22,    0.0,0, 28.0,0, 19.4,0, 22.7,0,  3.0,0,  3.4,26,  3.0,0, 12.2,25, 60.1,26,100.0,26,  2.9,26,  3.7,26, 3.3,26,""
33013,2010-08-23,    0.0,0, 30.1,0, 16.5,0, 20.9,0,  2.6,0,  4.5,26,  2.6,0, 21.3,25, 49.0,26,100.0,26,  4.3,26,  5.2,26, 5.2,26,""
33013,2010-08-24,    0.0,0, 31.2,0, 18.4,0, 21.4,0,  3.8,0,  4.6,26,  3.8,0, 21.4,25, 47.1,26,100.0,26,  4.6,26,  5.7,26, 5.5,26,""
33013,2010-08-25,    0.0,0, 29.9,0, 16.6,0, 21.4,0,  4.4,0,  3.8,26,  4.4,0, 14.5,25, 50.7,26,100.0,26,  3.4,26,  4.3,26, 3.7,26,""
33013,2010-08-26,    1.0,0, 16.2,0, 12.4,0, 14.7,0,  3.8,0,  2.2,26,  3.8,0,  5.6,25, 79.9,26,100.0,26,  1.2,26,  1.4,26, 1.5,26,""
33013,2010-08-27,    5.2,0, 19.8,0, 12.1,0, 14.8,0,  0.6,0,  2.9,26,  0.6,0, 10.7,25, 64.1,26,100.0,26,  2.1,26,  2.6,26, 2.6,26,""
33013,2010-08-28,    0.0,0, 24.3,0, 13.5,0, 15.1,0,  1.8,0,  3.4,26,  1.8,0, 12.4,25, 49.7,26, 97.6,26,  2.9,26,  3.9,26, 2.8,26,""
33013,2010-08-29,    0.0,0, 24.9,0, 16.8,0, 14.2,0,  3.8,0,  3.0,26,  3.8,0,  6.2,25, 45.1,26, 74.3,26,  2.8,26,  4.1,26, 1.8,26,""
33013,2010-08-30,    4.2,0, 26.0,0, 14.6,0, 15.7,0,  2.0,0,  3.5,26,  2.0,0, 11.7,25, 46.7,26, 94.5,26,  3.1,26,  4.2,26, 2.8,26,""
33013,2010-08-31,    0.0,0, 27.0,0, 14.2,0, 16.2,0,  3.0,0,  4.1,26,  3.0,0, 17.5,25, 45.4,26,100.0,26,  3.8,26,  4.8,26, 3.9,26,""
33013,2010-09-01,    0.0,0, 26.0,25, 13.6,0, 17.6,0,  5.6,25,  5.0,26,  5.6,25, 21.6,25, 52.4,26,100.0,26,  3.8,26,  4.6,26, 4.8,26,""
33013,2010-09-02,    0.0,0, 26.7,25, 12.1,25, 18.2,25,  5.6,25,  4.9,26,  5.6,25, 21.1,25, 52.0,26,100.0,26,  3.7,26,  4.4,26, 4.7,26,""
33013,2010-09-03,    0.0,0, 29.0,0, 14.0,25, 17.8,0,  4.8,0,  5.3,26,  4.8,0, 21.3,25, 44.4,26,100.0,26,  4.3,26,  5.4,26, 4.9,26,""
33013,2010-09-04,    0.0,0, 28.4,0, 20.0,0, 23.1,0,  3.0,0,  3.4,26,  3.0,0,  9.3,25, 59.7,26, 98.8,26,  2.7,26,  3.5,26, 2.9,26,""
33013,2010-09-05,    0.0,0, 31.2,0, 21.0,0, 23.1,0,  6.2,0,  5.0,26,  6.2,0, 18.3,25, 50.8,26, 92.9,26,  4.4,26,  5.5,26, 4.9,26,""
33013,2010-09-06,    6.8,0, 31.4,0, 16.3,0, 18.5,0,  1.6,0,  3.8,26,  1.6,0,  7.4,25, 40.3,26, 99.9,26,  3.3,26,  4.7,26, 2.5,26,""
33013,2010-09-07,    0.0,0, 28.4,0, 15.6,0, 24.1,0,  2.6,0,  3.3,26,  2.6,0, 10.3,25, 62.3,26,100.0,26,  2.3,26,  2.7,26, 2.9,26,""
33013,2010-09-08,    0.0,0, 31.4,0, 19.0,0, 20.5,0,  4.4,0,  5.1,26,  4.4,0, 18.2,25, 44.6,26, 93.3,26,  4.5,26,  5.8,26, 4.7,26,""
